;CowNumber;CowName;ProdPeriod;DaysInMilk;MilkQuantity;MilkQntyDeviation;AvgMilkQnty;Milkings;PassAvg;KgConcentratedFoodPerKgMilk;FeedTotal;TodaysTotal;LeftoverTotal;Fat%;Protein%;FatToProteinRatio;MasticatingMinutes;AvgWeight;Cells
4;738;Takalon Nide;1;39;40,5;-0,1;40,6;3,9;0,6;19,15;7,83;7,3;0,24;4,12;3,62;1,14;452;573;53
5;714;Takalon Myle;1;94;41,5;0,4;41,1;3,6;2,9;16,6;6,79;7,3;0,12;4,61;3,52;1,31;512;557;19
6;716;Takalon Mustus;1;16;25,1;1,7;23,4;2,1;0,6;26;6,24;6;0,09;4;2,99;1,34;544;571;301
7;666;Takalon Musa;1;231;33,4;-0,4;33,8;3,1;8,4;13,93;4,86;5,41;0,12;4,63;3,64;1,27;466;506;23
8;701;Takalon Murunen;1;128;25,3;-1,2;26,5;2,7;0,6;23,48;6,08;7,1;0,08;4,62;3,67;1,26;484;535;692
9;693;Takalon Mupu;1;243;37,5;1;36,5;3;3,4;15,42;5,81;5,94;0,09;4,95;3,59;1,38;497;533;125
10;705;Takalon Munkki;1;128;34,9;0;34,9;3,7;9,1;13,86;4,62;5,56;0,07;3,69;3,08;1,2;324;533;253
11;696;Takalon Molina;1;186;39,4;0,7;38,7;3;0,1;14,8;5,86;5,96;0,15;4,75;3,41;1,39;513;561;154
13;728;Takalon Mirkku;1;13;31,8;1,4;30,4;2;0;19,1;6,05;6,66;0,4;4,81;3,46;1,39;389;560;170
14;710;Takalon Mirana;1;124;44,6;-0,1;44,7;3,9;2,6;12,71;5,62;6,93;0,14;4,44;3,64;1,22;465;555;133
15;709;Takalon Minka;1;127;36,7;-1,8;38,5;2,6;0,4;12,46;4,51;5,9;0,06;4,49;3,43;1,31;506;609;294
16;725;Takalon Miitanen;1;9;29,5;2,8;26,7;2;0;13,7;4,14;5,55;0,4;4,89;3,56;1,37;433;570;459
17;911;Takalon Mido;1;77;41,3;2,8;38,5;3,1;1,3;16,08;6,56;7,3;0,09;4,07;3,3;1,23;584;526;115
18;718;Takalon Messevä;1;126;39,5;-0,5;40;3;0,9;17,69;7,09;6,8;0,13;4,37;3,37;1,3;522;502;277
19;730;Takalon Marjamehu;1;23;31,8;0,1;31,7;2,4;0;14,2;4,74;7,3;0,1;4,74;3,82;1,24;437;549;316
20;724;Takalon Marie;1;46;37,6;-0,1;37,7;3,9;1,6;16,94;6,91;7,3;0,17;4,55;3,56;1,28;296;562;142
21;681;Takalon Marianne;1;219;35,8;0,9;34,9;3;2,3;11,82;4,08;5,51;0,08;5,55;3,85;1,44;517;508;205
22;712;Takalon Männi;1;122;38,9;-0,7;39,6;3,9;2,4;16,03;6,14;6,7;0,1;4,05;3,6;1,13;480;563;160
23;708;Takalon Maine;1;123;44;0,7;43,3;3,6;1,1;10,73;4,7;6,7;0,13;4,6;3,52;1,31;449;582;150
24;687;Takalon Magi;1;216;36,8;0;36,8;2,9;0,3;14,29;5,37;5,76;0,05;5,54;3,87;1,43;512;573;25
25;717;Takalon Madiz;1;53;53,2;2,5;50,7;3;0;13,47;7,14;7,4;0,18;3,11;2,87;1,08;551;573;749
26;516;Takalon Ipana;5;68;50,5;-1,5;52;2,7;0,1;15,49;8,1;7,8;0,16;4,7;3,81;1,23;433;604;599
27;690;T,Mauste;1;110;40,3;-1;41,3;2,7;0;19,51;8,06;7,5;0,13;4,66;3,3;1,41;500;590;4
28;641;T,Limukka;2;77;48,8;1;47,8;3,3;1;15,32;7,51;7,8;0,14;4,43;3,28;1,35;422;558;393
29;621;T,Lagi;2;288;26;-1;27;2,9;1,9;14,17;3,7;4,73;0,03;5,18;3,73;1,39;495;634;5
30;976;T,Kannu;3;286;33,8;1,4;32,4;2,7;0,6;17,26;5,64;5,27;0,09;5,75;3,84;1,5;487;600;38
31;589;T,Kanelipulla;3;174;37,7;0;37,7;3,9;3,6;18;6,8;5,78;0,11;3,93;3,49;1,13;379;629;27
32;534;T,Impi;4;198;49,9;0,8;49,1;3,9;2,4;12,57;6,19;7,92;0,16;4,43;3,33;1,33;513;567;654
33;713;T, Menokas;1;90;34,5;0,2;34,3;3,4;2,4;19,19;6,58;7,4;0,16;4,76;3,62;1,31;491;543;187
35;427;Myriel;1;192;40,7;-3,8;44,5;2;6,6;14,35;6,07;7,2;1,11;4,26;3,43;1,24;503;573;23
36;674;Muki;1;266;26,5;-0,7;27,2;2,4;0,1;17,34;4,7;5,22;0,53;5,75;3,6;1,6;485;556;174
37;683;Misty;1;261;29;0,6;28,4;2,3;0,4;19,51;5,35;4,84;0,13;5,64;3,61;1,56;503;555;19
38;664;Missi;2;61;43,4;-0,7;44,1;3;0,1;24,69;10,47;7,8;0,24;4,07;3,16;1,29;548;513;297
39;685;Mippa;1;277;30,1;-1,5;31,6;2,1;4,6;1,74;0,51;0,69;0,02;5,11;3,55;1,44;513;551;45
40;503;Minttu;1;173;37,7;0,9;36,8;3,1;1,7;15,3;5,86;5,83;0,24;4,87;3,6;1,35;428;574;105
41;684;Minietti;1;270;29,8;0,9;28,9;3,3;4,7;19,02;5,72;4,93;0,07;4,27;3,32;1,29;450;573;108
42;778;Milli;1;122;38,2;2,7;35,5;3,1;2,1;19,84;7,12;6,7;0,14;3,86;3,42;1,13;490;573;1304
43;508;Mesi;1;178;40,3;0,7;39,6;4,3;5,9;12,69;5,05;5,94;0,08;4,14;3,14;1,32;469;538;45
44;426;Malta;1;247;22,9;0,6;22,3;2,4;6,1;18,36;4,13;3,69;0,06;6,14;3,87;1,59;502;626;157
45;686;Makiainen;1;277;33,3;1;32,3;3;5,6;17,41;5,83;5,28;0,06;5,12;3,75;1,37;469;597;131
46;425;Makarena;1;255;37,9;-2;39,9;3,9;2,6;17,89;7,01;6,36;0,14;4,8;3,46;1,39;473;580;28
47;773;Mainio;1;150;44,8;2,3;42,5;3,6;0,6;12,05;5,27;6,5;0,19;4,36;3,29;1,33;484;557;125
48;889;Lyydia;2;117;52,7;0,8;51,9;3,4;1,7;16,46;8,74;7,8;0,16;4,72;3,63;1,3;472;632;814
49;80;Lypsytär;2;12;42,9;-2,5;45,4;4,3;1,6;15,96;6,88;6,88;0,15;4,23;3,41;1,24;493;576;771
50;660;Lutunen;2;27;45,3;0;45,3;4,4;1,4;16,67;7,68;7,8;0,2;3,66;3,54;1,03;426;544;47
51;623;Lupiini;2;204;35,2;1,3;33,9;2,4;0,4;20,19;6,89;5,46;0,07;5,64;3,91;1,44;493;634;81
52;624;Luna;2;211;30;0,3;29,7;3;2,3;15,96;5;5,08;0,11;6,27;3,93;1,6;514;609;105
53;622;Lulu;2;271;25,7;-0,8;26,5;2,9;2,3;17,24;4,48;4,67;0,1;4,8;3,69;1,3;518;544;46
55;899;Lotto;2;46;52,9;0;52,9;3,3;1,1;13,42;7,13;7,8;0,46;4,63;3,66;1,27;425;621;102
56;897;Lotta;2;97;47,9;-1,3;49,2;4;3,6;15,25;7,28;7,8;0,21;3,68;3,38;1,09;536;550;30
57;612;Lizzie;2;274;41,4;2,3;39,1;3,4;1;13,5;5,72;5,88;0,15;5,37;3,93;1,37;473;657;21
58;616;Lissukka;2;226;30,2;-1,1;31,3;2,1;0;12,41;3,83;5,17;0,07;4,73;3,65;1,3;531;643;398
59;657;Linni;2;63;55,7;2,5;53,2;3;1,6;12,65;6,63;7,5;0,1;3;3,31;0,91;572;548;91
60;415;Lime;2;101;43,4;2,1;41,3;4,3;6,7;15,26;6,44;7,3;0,14;4,23;3,13;1,35;503;585;9
61;638;Lilla;2;37;59,8;1,9;57,9;3,1;0;15,28;9,12;7,8;0,24;3,15;3,1;1,02;433;636;424
62;652;Liita;2;46;46,1;0,2;45,9;4,3;0,6;16,22;7,32;7,8;0,22;4,17;3,28;1,27;352;519;271
63;611;Liekki;2;329;27,5;-1,5;29;1,9;1;19,13;5,64;6;0,1;5,99;3,75;1,6;433;563;217
64;642;Letta;2;105;43,3;1;42,3;3,9;5,7;17,95;7,79;7,8;0,16;4,56;3,23;1,41;424;606;23
65;662;Leni;1;339;13,1;-3,2;16,3;1;0;3,98;0,51;1;0,49;7,61;4,19;1,82;449;588;245
66;71;Leinikki;2;58;49,4;-2,2;51,6;3;0;15,34;7,76;7,8;0,17;5,35;3,86;1,39;442;644;137
67;86;Laurelia;2;61;47,2;-0,9;48,1;4,6;3,4;18,67;8,74;7,8;0,16;3,9;3,43;1,14;534;584;538
68;659;Lasmi;2;61;50,8;0,4;50,4;4,1;1,4;17,21;8,73;7,8;0,23;3,87;3,29;1,18;373;578;24
69;615;Larissa;2;288;35,1;-0,2;35,3;2,9;1,4;16,39;5,59;5,56;0,12;5;3,81;1,31;468;579;28
70;626;Lane;2;162;36;0,1;35,9;3,9;4,3;14,72;5,21;5,58;0,1;5,85;4,08;1,43;510;554;97
71;636;Laiho;2;43;51,5;0,3;51,2;4;2,7;14,37;7,61;7,8;0,17;4,35;3,45;1,26;534;541;491
72;410;Laguna;2;80;46,9;0,2;46,7;3,1;0,6;16,52;7,55;7,8;0,12;3,42;3,2;1,07;525;535;20
73;635;Ladiz;2;130;44,4;1,5;42,9;3,7;3,6;16,2;7,21;6,98;0,14;4,06;3,82;1,06;500;553;190
74;593;Kukkanen;3;120;38,9;-0,7;39,6;2;0,1;13,39;5,44;7,3;1,09;5,22;3,81;1,37;524;587;96
75;586;Kuje;3;212;35,8;-0,9;36,7;4;2,9;16,11;5,83;5,68;0,11;4,94;3,68;1,34;513;557;202
76;992;Kira;3;123;40;0,3;39,7;2,1;0,1;18,93;7,53;7;0,44;4,33;3,55;1,22;537;689;119
77;700;Kiova;3;126;37,1;-1,7;38,8;3,6;0,4;16,6;6,29;6,3;0,16;5,22;3,79;1,38;470;642;298
78;585;Kimara;3;252;37;2,4;34,6;2,9;0,1;16,59;6,16;5,7;0,1;5,46;3,59;1,52;486;619;734
79;572;Kilo;3;79;51,8;-0,3;52,1;3,4;0,7;10,06;5,48;7,8;0,12;5,02;3,57;1,41;513;622;375
80;602;Killa;3;61;44,1;-6,3;50,4;3,1;11,6;16,39;6,82;7,3;1,99;3,56;3,74;0,95;420;576;4
81;391;Karkkipurkki;3;240;23,5;-1,1;24,6;2,9;4,4;20,22;4,75;4,44;0,05;6,05;4,07;1,49;402;654;413
82;353;Kanerva;3;175;38,3;2;36,3;2,7;1;17,56;6,78;5,66;0,11;5,59;3,83;1,46;504;606;86
83;970;Justus;4;34;67,8;-0,9;68,7;3,4;0,3;12,31;7,85;8,2;0,13;3,35;3,08;1,09;510;612;88
84;365;Jupu;4;187;32,2;0;32,2;2,1;0,4;15,15;4,83;5,24;0,05;5,81;4,1;1,42;480;698;51
85;960;Junttura;4;103;50,5;0,4;50,1;4;2,9;15,77;8;7,8;0,22;4,98;3,73;1,34;505;659;51
86;354;Julietti;4;239;42,7;-1,4;44,1;3,7;1,1;12,34;5,48;6,94;0,06;4,87;3,72;1,31;509;598;117
87;6;Juhla;4;226;39,8;-1,7;41,5;3,4;0,3;17,15;6,74;7,65;0,12;4,64;3,69;1,26;471;669;426
88;567;Joulu;4;43;46,1;-0,5;46,6;4;1,7;16,85;7,55;7,8;0,31;4,12;3,55;1,16;498;629;58
89;547;Jöpö;4;180;34,7;-1,9;36,6;3,1;0,3;17,03;6,34;6,2;0,11;4,93;3,54;1,39;517;542;452
90;566;Joku;4;65;56,2;2,9;53,3;4,4;5,3;11,52;6,15;7,3;0,17;4,79;3,25;1,47;464;626;183
91;367;Jojo;4;47;48;-2,1;50,1;4;1;18,54;8,86;7,8;0,15;4,15;3,47;1,2;472;534;131
92;555;Jilla;3;310;46,6;1,3;45,3;2,6;0,1;12,41;5,54;7,01;0,06;5,08;3,39;1,5;475;631;24
93;498;Jewelry;3;370;28,7;-1,4;30,1;2,6;0,9;20,25;5,91;5,01;0,09;5,72;4,11;1,39;498;648;38
94;559;Jetta;4;172;39,6;-0,6;40,2;3,6;1,1;17,03;6,64;6,08;0,1;5,71;3,77;1,51;495;611;30
95;971;Jeni;4;34;57;3,5;53,5;5;12;13,08;7,53;7,8;0,18;3,93;3;1,31;472;589;189
96;853;Jasmiinitar;4;92;48,6;2,8;45,8;3,4;1,1;18,48;8,58;7,8;0,2;4,78;3,49;1,37;498;615;259
97;332;Jasmi HOL;4;360;28,2;0,7;27,5;2;0,1;3,53;0,95;1;0,03;4,69;3,27;1,43;501;584;195
98;7;Jalna;4;85;58,7;9,1;49,6;3,1;1,1;14,2;8,28;7,7;0,15;4,09;3,29;1,24;561;606;21
99;587;Jaffariini;4;183;44;-0,5;44,5;2,7;0,6;11,19;4,97;6,92;0,11;5,51;3,71;1,49;516;626;116
100;918;Jade;4;316;40;-1;41;3,6;0,9;22,02;9,07;7,5;0,2;4,5;3,46;1,3;437;610;3
101;900;Ippatar;4;149;63,3;3,9;59,4;3;0,1;10,99;7,02;8;0,12;4,76;3,72;1,28;478;660;35
102;578;Ippanen;4;347;31,5;-1,2;32,7;2,9;0;19,02;5,57;5,51;0,62;6,15;3,77;1,63;531;571;1047
103;637;Illuusio;5;99;41,8;-0,3;42,1;3,6;0,9;20,42;8,5;7,8;0,16;4,55;3,55;1,28;446;616;22
104;524;Illa;4;250;37,1;0,9;36,2;3,7;3;15,99;5,89;5,78;0,15;6,07;4,08;1,49;480;578;13
105;533;Iivi;4;90;59,1;1,3;57,8;3,3;0;12,89;7,76;7,9;0,18;4,64;3,72;1,25;496;694;584
106;506;Iiris;5;196;40,1;-1,3;41,4;2,9;1,3;21,94;9,04;7,4;0,2;5,09;3,67;1,39;467;578;246
107;795;Höystö;5;134;38,1;-1,6;39,7;3,7;1,1;16,62;6,48;5,99;0,13;5,37;4,05;1,33;496;626;24
108;494;Hara;6;79;47;-1,1;48,1;3,4;1,3;16,71;7,82;7,8;0,15;4,99;3,86;1,29;468;573;147
109;300;Armi;8;92;47,4;-0,5;47,9;3,4;0;14,39;6,75;7,8;0,12;4,46;3,53;1,26;489;598;961
6;738;Takalon Nide;1;73;45,5;1,8;43,7;3,4;0,3;15,17;6,6;7,3;0,2;3,82;3,5;1,09;497;572;104
8;714;Takalon Myle;1;128;41,7;0;41,7;3,7;1,1;13,24;5,54;6,54;0,09;4,1;3,42;1,2;477;579;30
9;715;Takalon Muurain;1;21;32,3;-2,1;34,4;2,4;0;26,53;8,62;7,3;0,7;4,06;3,32;1,22;421;532;39
10;716;Takalon Mustus;1;50;40,7;-0,3;41;2,9;0,1;14,18;5,86;7,3;0,08;3,55;3,13;1,13;510;591;135
11;666;Takalon Musa;1;265;35,3;1,2;34,1;3,3;3,6;14,14;4,81;5,41;0,1;5;3,59;1,39;482;516;31
12;693;Takalon Mupu;1;277;34,7;-0,7;35,4;3;1;16,44;5,72;5,91;0,09;5,14;3,59;1,43;499;544;93
13;705;Takalon Munkki;1;162;32,9;-1;33,9;3,6;4,9;13,22;4,48;5,48;0,06;3,74;3,03;1,23;460;538;171
14;696;Takalon Molina;1;220;39;0,3;38,7;2,6;0,3;11,98;4,78;5,95;0,11;4,83;3,42;1,41;483;569;28
15;719;Takalon Mirva;1;156;33,8;0,2;33,6;3,4;3;17,03;5,67;5,37;0,12;5,05;3,85;1,31;568;542;72
16;729;Takalon Mirva;1;20;35,1;5,3;29,8;2,3;0;24,57;8,53;7,3;0,15;4,13;3,28;1,26;535;481;119
17;728;Takalon Mirkku;1;47;36,3;0,6;35,7;2,1;0;19,78;7,1;7,3;0,2;4,38;3,46;1,27;450;557;203
18;710;Takalon Mirana;1;158;43,5;0,2;43,3;3,9;0,7;15,21;6,62;6,76;0,17;4,52;3,67;1,23;480;567;127
19;709;Takalon Minka;1;161;38,5;-0,9;39,4;2,6;0;12,12;4,73;5,96;0,06;4,29;3,45;1,24;505;624;438
20;725;Takalon Miitanen;1;43;35,3;-2,5;37,8;2,6;0,1;15,57;5,57;7,3;0,79;3,81;2,96;1,29;546;554;587
21;911;Takalon Mido;1;111;37,3;0,2;37,1;3,6;2,4;16,84;6,25;7,3;0,09;4,05;3,43;1,18;521;545;446
22;718;Takalon Messevä;1;160;39,7;-1,1;40,8;3,3;0,1;15,39;6,16;6,8;0,1;4,37;3,42;1,28;488;506;410
23;730;Takalon Marjamehu;1;57;34,7;-0,5;35,2;2,4;0,1;17,32;6,06;7,3;0,73;4,05;3,65;1,11;500;577;134
24;724;Takalon Marie;1;80;43,9;0,1;43,8;3,9;1,7;15,43;6,7;7,3;0,16;4,58;3,56;1,29;469;550;32
25;681;Takalon Marianne;1;253;35,2;0,2;35;3;0,7;15,29;5,18;5,56;0,09;5,53;3,94;1,4;525;494;102
26;712;Takalon Männi;1;156;34,7;-3,1;37,8;3,6;1,9;11,24;4,02;6,06;0,06;4,26;3,64;1,17;501;556;15
27;708;Takalon Maine;1;157;42,4;0;42,4;3,7;0,9;15,42;6,51;6,54;0,14;4,34;3,55;1,22;536;580;52
28;687;Takalon Magi;1;250;34,7;-0,6;35,3;2,3;0,3;12,69;4,43;5,55;0,05;5,55;3,88;1,43;509;577;78
29;717;Takalon Madiz;1;87;52,1;1;51,1;2,9;0,3;13,75;7,18;7,4;0,17;3,04;2,85;1,07;544;565;513
30;516;Takalon Ipana;5;102;43,3;-4,9;48,2;2,6;0,1;14,34;6,02;7,8;2,47;5,15;3,81;1,35;464;587;15
31;690;T,Mauste;1;144;42,7;0,7;42;3;0,3;19,31;8,03;6,94;0,14;4,55;3,21;1,42;490;587;225
33;641;T,Limukka;2;111;44,8;0,6;44,2;3,1;1,1;13,67;5,99;7,8;0,09;4,47;3,31;1,35;531;559;15
34;589;T,Kanelipulla;3;208;34,6;-0,8;35,4;3,1;1,4;15,31;5,37;5,58;0,06;4,2;3,46;1,21;430;640;81
35;534;T,Impi;4;232;47,6;-0,1;47,7;3,4;0,7;17,21;8,14;7,78;0,2;4,94;3,27;1,51;495;576;337
36;713;T, Menokas;1;124;33,8;-0,6;34,4;3,1;0,4;21,56;7,33;6,6;0,17;4,51;3,57;1,26;512;547;28
37;697;Qtar;3;185;45;3,2;41,8;3,6;1,1;15,01;6,67;6,8;0,15;5,39;3,59;1,5;485;582;215
38;427;Myriel;1;226;43,9;-1,2;45,1;2;4;14,84;6,23;6,9;0,88;3,67;3,41;1,08;484;585;98
39;674;Muki;1;300;25,5;-0,3;25,8;2,1;0,3;16,41;4,01;5,22;0,07;5,95;3,75;1,59;480;562;31
41;669;Mitta;2;29;54,8;1,2;53,6;3,4;0,1;12,56;6,71;7,8;0,15;3,92;3,47;1,13;506;624;1
42;683;Misty;1;295;28,4;0,3;28,1;2,4;0,4;21,08;5,86;4,87;0,15;5,16;3,66;1,41;434;563;125
43;664;Missi;2;95;40,8;-2,2;43;3,1;0;14,81;6,06;7,8;0,11;3,39;3,24;1,05;521;530;25
44;503;Minttu;1;207;37,5;0,6;36,9;3,1;0,7;13,28;5;5,69;0,21;4,83;3,55;1,36;461;583;1
45;684;Minietti;1;304;24,7;-1,5;26,2;2,9;5,6;21,9;5,45;4,65;0,07;4,42;3,38;1,31;466;577;13
46;679;Milo;2;9;32,5;4,5;28;2,4;0;16,72;5,2;5,98;0,09;4,45;3,95;1,13;538;506;18
47;778;Milli;1;156;33,4;-0,6;34;3,4;6,3;17,89;5,89;5,46;0,09;4,21;3,47;1,21;531;564;39
48;508;Mesi;1;212;39,8;0;39,8;4,4;11,3;13,43;5,48;6,28;0,1;4,22;3,18;1,33;460;549;13
49;677;Melina;2;12;46,3;3,5;42,8;4,3;3,4;14,18;6,24;6,88;0,15;4,4;3,66;1,2;510;565;368
50;686;Makiainen;1;311;31,4;2,7;28,7;2,4;0,6;14,46;4,46;5,01;0,07;5,47;3,7;1,48;427;598;147
51;425;Makarena;1;289;39,2;-0,2;39,4;3,9;1,9;15,66;6,09;6,25;0,14;4,66;3,5;1,33;442;583;32
52;773;Mainio;1;184;38,3;-2,2;40,5;3,9;1,9;16,3;6,21;6,5;0,23;4,69;3,19;1,47;394;564;371
53;889;Lyydia;2;151;50;-0,6;50,6;3,1;0,7;15,54;7,83;7,53;0,11;4,09;3,6;1,14;470;618;5
54;80;Lypsytär;2;46;56,4;4;52,4;4,1;1,7;13,54;7,45;7,9;0,16;3,07;3,05;1,01;490;548;265
55;660;Lutunen;2;61;42,9;-0,2;43,1;3,4;0,3;15,43;6,68;7,8;0,14;3,66;3,59;1,02;483;537;173
56;320;Luppo;3;15;56,4;2,5;53,9;3,6;0,6;13,16;7,4;7,68;0,14;4,12;3,43;1,2;576;578;106
57;623;Lupiini;2;238;20,3;-2,9;23,2;1,9;0,1;8,6;1,76;3,5;0,99;5,05;3,96;1,28;461;627;26
58;624;Luna;2;245;20;-4,2;24,2;2,3;0,9;11,59;2,3;2,5;0,25;6,73;4,08;1,65;468;572;328
59;622;Lulu;2;305;24,2;0;24,2;2,4;3,6;21,62;5,1;4,29;0,09;5,13;3,86;1,33;515;563;96
60;643;Lulli;2;78;42,8;-1,7;44,5;4;1,4;17,87;7,56;7,8;0,23;4,3;3,38;1,27;467;597;646
61;957;Lucia;2;22;57,8;3,6;54,2;3,9;4;13,16;7,4;7,8;0,18;4,15;3,5;1,19;558;572;11
62;899;Lotto;2;80;54;1,6;52,4;3;0,1;14,89;7,83;7,8;0,19;4,02;3,52;1,14;483;612;707
63;897;Lotta;2;131;48,4;0,4;48;4;2,6;14,48;6,97;7,32;0,18;4;3,42;1,17;529;567;130
64;612;Lizzie;2;308;36,2;-0,8;37;2,7;0,6;16,03;5,56;5,7;0,13;5,57;3,9;1,43;425;663;382
65;616;Lissukka;2;260;23,2;-2,1;25,3;2,1;0;17,78;4,32;4,57;0,35;5,35;3,86;1,39;557;645;283
66;657;Linni;2;97;49,6;-1,9;51,5;2,7;0,7;19,38;9,07;7,5;0,76;3,23;3,25;0,99;520;544;39
67;415;Lime;2;135;41,5;-0,2;41,7;4,4;6,1;15,06;5,99;6,5;0,12;4,68;3,28;1,43;453;591;14
68;638;Lilla;2;71;55,9;-2,2;58,1;3,3;1,3;15,47;8,84;7,8;0,23;3,17;2,89;1,1;437;577;139
69;652;Liita;2;80;47,4;1;46,4;3,1;0;23,02;10,31;7,8;0,22;4,26;3,2;1,33;476;518;52
70;611;Liekki;2;363;27,1;-1,1;28,2;2;0;21,23;5,86;6;0,55;5,77;3,74;1,54;475;581;60
71;642;Letta;2;139;39,9;-0,7;40,6;4;4,1;13,19;5,13;6,2;0,09;4,97;3,34;1,49;485;608;158
72;71;Leinikki;2;92;49,8;4,4;45,4;2,6;0;10,12;5,15;6,8;0,11;4,66;3,79;1,23;523;643;51
73;86;Laurelia;2;95;46,7;-0,7;47,4;4;2,3;15,37;7,21;7,8;0,12;4,2;3,56;1,18;506;588;56
74;659;Lasmi;2;95;50,9;1,1;49,8;3,4;0,6;14,24;7,26;7,8;0,15;4,16;3,33;1,25;468;570;19
75;626;Lane;2;196;29,8;-2,4;32,2;3,6;6,4;20,02;5,89;5,29;0,11;6,04;4,13;1,46;514;563;170
76;319;Lancia;3;19;45,7;1,8;43,9;3;3,4;16,05;7,32;7,8;0,21;3,83;3,59;1,07;502;625;272
77;636;Laiho;2;77;47,8;-1,4;49,2;3,7;1,7;16,09;7,82;7,8;0,17;4,35;3,55;1,23;540;530;256
78;410;Laguna;2;114;43;-1,9;44,9;2,9;0,3;19,36;8,27;7,8;0,16;3,73;3,18;1,17;514;545;148
79;635;Ladiz;2;164;42,2;2,5;39,7;3,9;2,4;15,21;6,24;5,96;0,1;4,57;3,79;1,21;468;565;16
80;593;Kukkanen;3;154;34,6;-0,6;35,2;2,3;0,1;15,27;5,48;7;1,63;5,12;3,76;1,36;487;581;247
81;586;Kuje;3;246;30,5;-0,8;31,3;3,4;5;16,07;4,81;5,17;0,07;5,2;3,68;1,41;517;567;120
82;590;Koru;3;20;26,5;1,5;25;2,1;0;35,48;8,8;7,49;0,61;4,8;3,98;1,21;453;595;27
83;604;Kortti;3;5;34,7;0,7;34;3;2;14,57;4,85;4,44;0,11;5;4,8;1,04;511;601;13
85;992;Kira;3;157;36,1;-2,4;38,5;2,6;0,1;13,61;5,08;7;0,15;5,08;3,57;1,42;511;697;26
86;700;Kiova;3;160;33,5;-0,4;33,9;3,3;1,1;20,41;6,7;5,43;0,15;5,19;3,76;1,38;461;604;60
87;585;Kimara;3;286;34,4;-0,6;35;2,4;0,6;13,98;5,08;5,7;0,48;5,6;3,59;1,56;502;624;162
88;572;Kilo;3;113;45,9;-2,2;48,1;3,3;0,4;16,11;7,68;7,8;0,14;5,55;3,8;1,46;480;640;107
89;602;Killa;3;95;49,7;0,8;48,9;3,9;3,6;18,7;8,86;7,8;0,15;4,36;3,8;1,15;537;579;45
90;598;Kätsy;3;25;48,2;1,4;46,8;4,1;1,1;17,22;8,27;7,8;0,23;4,97;3,53;1,41;483;594;3
91;353;Kanerva;3;209;32,7;-0,7;33,4;2,7;1;9,11;3,02;5,41;0,05;5,74;3,98;1,44;473;617;153
92;970;Justus;4;68;68,5;0,8;67,7;4;0,6;12,33;8,3;8,2;0,16;3,16;3,08;1,03;549;630;29
93;365;Jupu;4;221;27;-1,3;28,3;1,9;0,1;19,42;4,91;4,86;1,06;5,79;4,19;1,38;480;686;398
94;960;Junttura;4;137;46,3;-0,3;46,6;4;1,6;14,59;7,02;7,22;0,17;5,35;3,77;1,42;515;668;126
95;354;Julietti;4;273;43,4;-0,3;43,7;3,9;2,7;18,23;7,8;6,78;0,12;4,96;3,71;1,34;496;622;16
96;6;Juhla;4;260;30,1;-3,3;33,4;2,4;0,3;18,45;5,72;6,05;0,71;4,82;3,66;1,32;497;690;109
97;567;Joulu;4;77;46,1;-0,4;46,5;4,3;4,7;16,81;8,37;7,8;0,4;5,71;3,73;1,53;467;625;295
98;547;Jöpö;4;214;36,3;1,3;35;3,3;0,3;15,21;5,52;6,04;0,12;5,15;3,57;1,44;522;545;171
99;566;Joku;4;99;49,9;0,9;49;4,1;5,4;12,79;6,1;7,3;0,16;4,85;3,32;1,46;411;621;76
100;367;Jojo;4;81;54,2;1,6;52,6;3,4;1,7;13,18;7,13;7,8;0,13;3,66;3,31;1,11;451;540;4
101;555;Jilla;3;344;43,3;0;43,3;2,7;0,3;18,5;7,94;6,96;0,07;4,98;3,39;1,47;472;649;143
102;498;Jewelry;3;404;18,3;-5,8;24,1;1,9;1,1;2,34;0,51;1;0,49;5,94;4,08;1,46;481;652;431
103;559;Jetta;4;206;38,2;-0,3;38,5;3,7;1,7;13,99;5,4;5,86;0,07;5,81;3,86;1,51;473;617;223
104;971;Jeni;4;68;54;-0,4;54,4;4,6;15,7;12,54;6,77;7,8;0,16;3,37;2,97;1,13;483;582;30
105;543;Jemma;5;15;42,5;2,8;39,7;2,4;0,4;14,31;6,07;7,68;0,1;4,49;4,22;1,06;512;596;5
106;864;Jasuliini;4;29;48,7;0,9;47,8;2;0;12,58;6,06;7,8;1,54;4,26;3,44;1,24;500;576;203
107;853;Jasmiinitar;4;126;44,3;-0,5;44,8;3,4;1;15,21;6,83;6,98;0,17;5,17;3,54;1,46;483;628;26
108;7;Jalna;4;119;53,9;0,8;53,1;2,6;0;16,92;9,08;7,7;0,11;4,17;3,25;1,28;442;620;27
109;587;Jaffariini;4;217;41,9;-1,5;43,4;2,3;0;14,33;6,05;6,74;0,93;5,43;3,63;1,5;551;627;107
110;366;Jadiz;4;18;59,5;2,4;57,1;4,1;2,6;11,78;6,75;7,2;0,14;4,19;3,67;1,14;522;608;253
112;900;Ippatar;4;183;51,5;-4,4;55,9;2,9;0,1;11,79;6,05;7,9;1,29;4,82;3,84;1,26;505;646;158
113;637;Illuusio;5;133;39,6;0,3;39,3;3,6;0;16,34;6,21;5,95;0,12;4,25;3,43;1,24;499;610;290
114;524;Illa;4;284;36,5;1,3;35,2;3,4;0,9;17,13;5,99;5,68;0,13;6,63;4,12;1,61;461;585;7
115;533;Iivi;4;124;52,4;-1,3;53,7;3,1;0,1;15,2;8,09;8,09;0,76;5,4;3,78;1,43;488;704;265
116;506;Iiris;5;230;36;-2;38;2,6;0,3;23,74;9,05;6,9;1,12;4,9;3,57;1,37;438;579;127
117;795;Höystö;5;168;35,4;0,1;35,3;3,1;0,4;15,99;5,45;5,55;0,09;5,31;4,09;1,3;512;627;72
118;494;Hara;6;113;46,5;1,7;44,8;3,3;0,4;14,58;6,69;7,8;0,14;5,71;3,86;1,48;467;574;127
119;300;Armi;8;126;36,2;-3,5;39,7;3;0;15,52;5,91;6,3;0,4;5,18;3,57;1,45;530;592;955
4;516;Takalon Ipana;4;181;37,6;-1,5;39,1;2,4;0,1;15,39;5,72;6;0,31;5,55;3,81;1,46;457;639;28
5;613;T,Live;1;330;34,3;0,9;33,4;3,1;1,4;19,66;6,51;5;0,11;6,02;3,66;1,64;458;634;120
6;654;T,LIPANA;1;74;39,9;2;37,9;2,7;1,3;19,36;7,67;7,5;0,23;3,72;3,28;1,13;487;538;77
7;641;T,Limukka;1;143;31,4;-1,2;32,6;2,1;0,6;15,13;4,75;5,31;0,07;4,41;3,32;1,33;522;570;144
8;977;T,KILTA;2;375;29;-1,1;30,1;2,4;0,3;21,18;5,51;5;0,07;5,81;3,83;1,52;524;674;979
9;973;T,Kiiri;3;108;46,9;-0,4;47,3;3,6;1;13,12;6,05;7,35;0,09;4,85;3,73;1,3;491;641;24
10;589;T,Kanelipulla;2;226;33,7;-2,1;35,8;3,1;1,4;16,83;5,81;5,62;0,06;4;3,42;1,17;386;699;134
11;534;T,Impi;3;352;35,1;-0,8;35,9;3;0,7;16,64;5,72;5,63;0,12;5,88;3,5;1,68;488;661;799
12;697;Qtar;2;300;34,4;-0,8;35,2;2,9;0,9;20,41;7,02;5,62;0,09;5,39;3,81;1,41;447;657;181
13;670;Mukava;1;48;33;-0,8;33,8;2;0;18,16;6,05;6,7;0,89;3,64;3,18;1,14;462;501;143
14;673;Muisto;1;34;36,4;0,6;35,8;2;0;7,99;2,86;3;0,22;4,68;3,16;1,48;541;568;25
15;669;Mitta;1;40;39,6;1,5;38,1;4,1;3,9;19,17;7,53;7;0,22;3,77;3,27;1,15;550;603;33
16;664;Missi;1;87;33;-0,7;33,7;2,3;0;18,33;5,99;6,5;0,1;3,52;3,26;1,08;533;538;32
18;663;Milli;1;26;39,6;1;38,6;4;3;17,54;6,86;7;0,14;4,7;3,39;1,39;489;595;62
19;677;Melina;1;27;35,3;1,9;33,4;2,3;0;22,38;7,86;7;0,17;3,62;3,08;1,18;478;501;22
20;889;Lyydia;1;155;37,2;-1,3;38,5;3;0,7;16,29;5,99;5,85;0,09;4,89;3,62;1,35;450;651;652
21;605;Lysti;2;34;48,8;2,7;46,1;3,6;0,4;15,57;7,32;7,5;0,21;4,36;3,69;1,18;420;632;110
22;80;Lypsytär;1;152;37,6;-0,2;37,8;3,1;0,7;13,32;5;5,8;0,1;4,46;3,15;1,42;509;575;171
23;647;Luuli;1;169;35,4;-2,9;38,3;3,3;1,9;12,08;4,48;5,89;0,06;4,09;3,22;1,27;536;568;142
24;660;Lutunen;1;85;33;-1;34;3,1;1,3;18,98;6,26;7;0,12;4,01;3,62;1,11;514;555;130
25;320;Luppo;2;74;53,8;-0,1;53,9;2,9;2,4;15,85;8,37;7,5;0,13;4,08;3,19;1,28;518;638;96
26;623;Lupiini;1;264;28,2;1,2;27;2;0;17,48;4,81;5,3;0,12;5,76;3,91;1,47;486;729;566
27;858;Lunette;1;24;37;1,8;35,2;3;0,1;18,35;6,7;7;0,17;4;3,16;1,27;537;557;82
28;624;Luna;1;280;23,4;-2,3;25,7;2,6;1,9;14,22;3,46;4;0,22;6,85;3,98;1,72;495;641;177
29;643;Lulli;1;186;32,2;-0,1;32,3;3;2,6;14,42;4,64;5,23;0,13;5,09;3,58;1,42;496;649;101
30;957;Lucia;1;101;38,2;0,2;38;3;2,7;16,76;6,59;6,61;0,13;4,39;3,37;1,3;548;605;174
31;899;Lotto;1;78;40,2;0,6;39,6;2,7;1,7;14,78;5,91;7;0,11;3,65;3,4;1,07;472;625;28
32;897;Lotta;1;121;41,3;-0,8;42,1;3,3;0,4;14,94;6,16;6,48;0,13;3,38;3,33;1,02;525;595;88
33;629;Lopo;1;254;25,7;1,8;23,9;2,3;0,4;15,37;3,89;4,5;0,23;5,14;3,43;1,5;438;620;414
34;616;Lissukka;1;303;27,4;-4,7;32,1;2,1;0,1;6,73;2,03;4;0,14;5,48;3,88;1,41;549;702;27
35;631;Lisbet;1;270;27,6;-5,7;33,3;3,1;0,7;21,33;5,59;5,45;0,09;5,49;3,31;1,66;505;528;109
36;657;Linni;1;110;41,6;1,5;40,1;2,6;1,1;13,99;5,75;6,8;0,11;3,29;3,25;1,01;536;547;296
37;415;Lime;1;163;37;0,2;36,8;3,4;2,4;21,82;8,07;7;0,13;4,51;3,3;1,37;387;623;144
38;627;Lilo;1;282;30,1;-0,1;30,2;3;1,3;15,95;4,75;5,01;0,09;5,26;3,71;1,42;444;641;207
40;652;Liita;1;100;35,9;0,1;35,8;3,4;0,7;24,74;8,56;6,58;0,18;3,94;3,31;1,19;549;575;140
41;611;Liekki;2;25;47;1;46;3,6;1;16,13;7,53;7,5;0,14;4,14;3,45;1,2;544;541;52
42;642;Letta;1;216;27,1;0,3;26,8;2,4;1;15,57;4,16;4,73;0,06;5,25;3,55;1,48;422;667;214
43;662;Leni;1;36;40,6;2,1;38,5;3,9;2,1;18,57;7,37;7;0,16;3,84;3,14;1,22;462;597;375
44;71;Leinikki;1;94;35,6;0;35,6;2;0;16,99;6,05;6,85;1,14;5,15;3,97;1,3;461;639;203
45;86;Laurelia;1;172;26,2;-0,7;26,9;3;2;22,41;5,81;5,5;0,06;4,79;3,88;1,23;435;598;141
46;659;Lasmi;1;120;43,9;1,6;42,3;3,6;0,4;13,5;5,78;7,5;0,11;3,6;3,11;1,16;461;529;494
47;626;Lane;1;279;26,9;0,5;26,4;3;3,4;16,22;4,35;4,67;0,07;5,77;3,99;1,45;468;614;75
48;319;Lancia;2;61;47,3;-0,6;47,9;4,7;7,6;16,36;7,72;7,5;0,21;3,94;3,35;1,18;526;664;5
49;618;Lakritsi;2;11;41,3;3,4;37,9;2,1;2,3;15,87;6,43;6,09;0,55;5,06;3,69;1,37;527;624;362
50;636;Laiho;1;180;33,3;-0,1;33,4;3;2,3;18,08;6,02;5,34;0,09;4,85;3,56;1,36;530;561;5
51;410;Laguna;1;145;36,5;-0,5;37;3,1;1;15,05;5,64;5,78;0,1;3,39;2,97;1,14;513;517;75
52;635;Ladiz;1;189;33,6;-0,2;33,8;3;1,9;17,04;5,72;5,39;0,07;4,71;3,8;1,24;551;606;235
53;593;Kukkanen;2;199;29,5;-1;30,5;2;0;13,14;3,97;5,08;0,67;4,98;3,83;1,3;489;603;116
54;586;Kuje;2;251;30,1;-1;31,1;3;1,6;18,12;5,4;5,13;0,1;5,4;3,74;1,44;545;637;163
55;590;Koru;2;74;44;-1,8;45,8;3;0;19,1;8,1;7,5;0,17;4,76;3,53;1,35;553;684;102
56;604;Kortti;2;25;49,2;2,5;46,7;3,1;0;11,63;5,7;7,5;0,17;4,04;3,33;1,21;546;627;80
57;574;Kiva;3;39;54,7;2,3;52,4;4,1;1,9;12,43;6,91;7,5;0,25;4,68;3;1,56;502;596;132
58;992;Kira;2;265;31,8;1;30,8;2,3;1;15,27;4,78;5,06;0,1;4,4;3,5;1,26;464;716;81
59;700;Kiova;2;215;31,1;0,6;30,5;3;1,9;14,31;4,54;5,06;0,12;5,13;3,59;1,43;469;649;166
60;599;Kimalle;2;103;36,6;-0,5;37,1;3,3;0,3;18,39;6,75;6,8;0,17;4,79;3,63;1,32;490;666;62
61;572;Kilo;2;221;41,8;-0,7;42,5;2,7;0;17,89;7,53;7,7;0,13;6,01;3,77;1,59;494;703;314
62;602;Killa;2;134;37;0,5;36,5;2,7;3,6;16,29;5,91;5,67;0,07;4,29;3,56;1,21;512;584;159
63;598;Kätsy;2;88;36,9;-0,5;37,4;2,6;0;24,22;8,94;7,5;1,24;5,67;3,7;1,53;552;625;195
64;353;Kanerva;2;290;24,4;-0,5;24,9;2,1;0,3;15,41;3,92;4,47;0,25;5,67;3,97;1,43;458;634;363
65;558;Jyle;3;138;49,2;0,1;49,1;2,9;1,1;15,02;7,34;7,41;0,16;5,25;3,62;1,45;550;716;80
66;970;Justus;3;109;63,4;1,7;61,7;3,7;1,1;12,51;7,67;8;0,14;3,37;3;1,12;494;728;96
67;965;Justikki;3;62;56,5;-1,2;57,7;2,9;0,4;13,01;7,48;7,5;0,13;4,47;3,59;1,25;604;691;25
68;365;Jupu;3;254;34,2;-0,4;34,6;3,4;1,9;18,67;6,24;5,48;0,11;5,08;3,87;1,31;503;699;156
69;568;Juova;3;89;51,8;-0,1;51,9;2,7;0,1;10,54;5,54;7,5;0,15;4,86;3,5;1,39;567;649;133
70;335;Juolukka;4;57;45;1,1;43,9;3,4;0,3;18,38;8,29;7,5;0,17;4,1;3,47;1,18;498;641;96
71;960;Junttura;3;163;36,8;0,9;35,9;3,3;1;16,66;6,05;5,57;0,15;5,84;3,92;1,49;459;760;87
72;354;Julietti;3;307;27,3;-4,8;32,1;2,4;1,6;6,78;1,7;1,5;0;5,96;3,86;1,54;512;697;146
73;959;Juhlakas;3;153;45,8;-0,6;46,4;3,3;0,7;17,21;7,64;7,14;0,12;5,29;3,58;1,48;531;702;304
74;567;Joulu;3;78;35;-1,5;36,5;2,4;6,6;14,54;5,29;7,5;0,15;5,09;3,41;1,49;480;621;127
75;547;Jöpö;3;274;28,7;-0,9;29,6;2,9;1,7;17,91;5,21;4,97;0,07;5;3,8;1,32;478;631;174
76;964;Jolina;3;216;45,8;1,1;44,7;2,7;0;11,82;5,4;6,5;0,08;4,58;3,5;1,31;591;668;517
77;566;Joku;3;145;45,1;3,1;42;3;9,6;16,46;7,13;7,5;0,14;4,77;3,29;1,45;472;620;146
78;367;Jojo;3;142;51,1;-0,4;51,5;3,1;0,6;14,68;7,37;7,57;0,11;3,71;3,36;1,1;477;599;15
79;555;Jilla;3;7;42,7;5,3;37,4;2,4;1,9;10,63;4,4;4,8;0,05;4,73;3,55;1,33;519;697;144
80;498;Jewelry;3;67;45,1;0,7;44,4;3,7;0,4;13,98;6,29;7,5;0,13;5,15;3,18;1,62;490;706;144
81;559;Jetta;3;200;34,8;-0,2;35;3,1;2,7;16,77;5,75;5,51;0,1;6,1;3,89;1,57;460;717;129
82;550;Jertta;3;206;24,3;-2;26,3;2,6;1,4;13,78;3,32;4,68;0,04;4,77;3,24;1,47;459;704;26
83;971;Jeni;3;78;48,7;0,2;48,5;4,3;8,9;16,21;7,91;7,5;0,17;3,95;2,95;1,34;475;648;397
84;543;Jemma;4;16;40,7;1,8;38,9;2,1;0;14,86;6,05;7,5;0,64;4,57;3,99;1,15;567;618;217
85;864;Jasuliini;3;57;55,8;-2,3;58,1;2,9;0;12,59;7,13;7,5;0,13;4,57;3,37;1,36;537;655;119
86;853;Jasmiinitar;3;171;41,4;0,9;40,5;3,6;1,4;16,46;6,75;6,24;0,13;5;3,51;1,42;554;638;25
87;332;Jasmi HOL;4;57;55,8;1,3;54,5;3,9;0,4;13,24;7,51;7,5;0,17;3,44;3,11;1,11;508;646;28
88;358;Jänni;3;198;33,1;-0,6;33,7;2,3;0,3;16,37;5,24;5,42;0,09;5,12;3,69;1,39;475;645;28
89;7;Jalna;3;125;58,3;0,8;57,5;3,4;1;15;8,64;8;0,11;3,6;3,15;1,14;567;684;22
90;587;Jaffariini;3;244;38,8;-0,9;39,7;2;0;14,81;5,64;6;0,52;5,86;3,74;1,57;524;719;108
91;366;Jadiz;3;79;56,8;-0,2;57;3,1;2,1;13,04;7,34;7,5;0,16;3,77;3,34;1,13;493;740;233
92;918;Jade;4;13;57,8;4;53,8;3,3;3;13,26;7,34;6,69;0,19;3,89;3,31;1,18;518;691;91
93;656;Ivory;3;313;27,3;-2,6;29,9;2,4;0,9;16,88;4,73;5,03;0,32;5,51;4,1;1,34;468;688;24
94;526;Irmeli;4;37;52,2;0,7;51,5;3,1;16;13,37;6,99;7,5;0,23;4,83;3,12;1,55;432;642;117
95;900;Ippatar;3;317;46,7;-1,9;48,6;2,9;0;16,1;7,61;7,3;0,13;4,98;3,76;1,32;484;687;32
96;578;Ippanen;4;44;48,5;-3,1;51,6;4;0,4;15,16;7,75;7,5;0,13;3,92;3,34;1,17;539;667;339
97;811;Ipanainen;4;65;59,2;-0,6;59,8;4,3;2,7;11,57;6,8;7,5;0,21;3,99;3,37;1,18;471;741;75
98;523;Inkivääri;4;47;66,4;3,6;62,8;4;0,6;9,74;6,4;7,5;0,19;3,29;2,81;1,17;482;721;107
100;505;Ilo;4;211;36,7;-1,6;38,3;3,4;0,4;14,44;5,4;5,88;0,06;5,22;3,69;1,41;415;746;380
101;637;Illuusio;4;141;44,5;1,3;43,2;3,9;1;14,91;6,56;6,7;0,1;3,97;3,31;1,2;534;651;28
102;533;Iivi;3;203;50,2;1,4;48,8;2,9;0,3;14,63;6,97;7,35;0,14;5,29;3,77;1,4;477;750;23
103;576;Iitanen;4;45;64,6;-0,2;64,8;4,1;0,6;11,31;7,4;7,5;0,22;3,89;3;1,3;431;742;155
104;809;Iita;4;121;41;-2;43;2,6;0;12,41;4,94;7;0,19;5,19;3,77;1,38;509;632;39
105;506;Iiris;4;290;25,3;-1,5;26,8;2;0,4;17,62;4,56;4,7;0,52;6,05;3,96;1,53;466;686;260
106;531;Ihastus;4;8;45,6;3,3;42,3;2,9;3,7;11,12;5;5,19;0,17;5,27;4,15;1,27;568;646;5
107;530;Ihana;4;95;51,6;3,9;47,7;3,6;1,6;15,49;7,34;7,46;0,2;4,55;3,55;1,28;410;714;128
108;538;Ieva;4;115;50,7;1,8;48,9;4,4;4;13,86;6,75;7,46;0,17;5,08;3,91;1,3;441;712;138
109;795;Höystö;4;213;27,4;-0,2;27,6;2,1;0,1;16,49;4,62;4,78;0,18;5,39;4,1;1,31;481;731;188
110;494;Hara;5;128;37,6;-3,5;41,1;2,9;0,3;17,21;6,7;6,28;0,11;5,05;3,73;1,35;527;644;32
111;447;Ennätys;6;37;48;5,4;42,6;3,1;0;18,59;8,24;7,5;0,15;5,01;3,63;1,38;507;685;404
4;738;Takalon Nide;1;55;40,6;-1,9;42,5;3,4;0,3;15,63;6,33;7,3;0,19;3,66;3,47;1,05;450;563;252
5;714;Takalon Myle;1;110;42,6;1;41,6;3,4;2;15,55;6,55;7,3;0,13;4,15;3,5;1,19;533;581;57
7;716;Takalon Mustus;1;32;39,5;4,1;35,4;2,7;0,1;14,47;5,75;7,3;0,07;3,81;3,32;1,15;484;560;27
8;666;Takalon Musa;1;247;34,4;0,7;33,7;3,4;7,7;13,34;4,37;5,39;0,09;4,58;3,6;1,27;465;508;22
9;701;Takalon Murunen;1;144;24,5;0;24,5;2,4;0,7;23,09;5,61;7,1;0,39;4,89;3,72;1,31;436;543;6
10;693;Takalon Mupu;1;259;36,3;0;36,3;3;0,9;14,44;5,27;5,89;0,08;5,32;3,6;1,48;463;537;27
11;705;Takalon Munkki;1;144;34,2;-0,3;34,5;3,6;6,4;13,03;4,46;5,44;0,07;3,49;3,04;1,15;426;535;86
12;696;Takalon Molina;1;202;38,6;0,1;38,5;2,7;0;10,99;4,27;5,95;0,09;4,47;3,36;1,33;494;565;26
13;719;Takalon Mirva;1;138;34,4;0,1;34,3;3,7;2,9;16,37;5,62;5,43;0,11;4,89;3,81;1,28;541;546;55
15;728;Takalon Mirkku;1;29;33,1;-1,6;34,7;2,3;0;21,29;6,94;7,3;0,21;4;3,38;1,18;468;560;4
16;710;Takalon Mirana;1;140;41;-2;43;3,4;1,1;16,23;6,75;6,68;0,15;4,63;3,62;1,28;493;563;139
17;709;Takalon Minka;1;143;40,7;1;39,7;2,9;0,3;16,2;6,56;6,1;0,08;4,19;3,41;1,23;481;612;410
18;725;Takalon Miitanen;1;25;38,6;-0,9;39,5;2,6;0,4;11,13;4,54;7,3;0,09;4,25;3,15;1,35;486;567;15
19;911;Takalon Mido;1;93;34,2;-3;37,2;3,9;1;16,66;6,18;7,3;0,09;3,59;3,39;1,06;561;525;439
20;718;Takalon Messevä;1;142;40,2;-0,4;40,6;3;0,7;13,8;5,56;6,8;0,09;4,39;3,35;1,31;462;494;213
21;730;Takalon Marjamehu;1;39;36,8;2,3;34,5;2,9;0,1;20,61;7,36;7,3;0,17;4,53;3,56;1,27;458;570;4
22;724;Takalon Marie;1;62;41,1;0,7;40,4;3,7;1,3;18,1;7,49;7,3;0,18;4,72;3,6;1,31;471;551;110
23;681;Takalon Marianne;1;235;35,5;0;35,5;3;0,7;15,65;5,51;5,63;0,1;5,42;3,85;1,41;505;515;143
24;712;Takalon Männi;1;138;39,1;0,7;38,4;4;5,3;15,37;5,89;5,83;0,12;4,13;3,54;1,17;511;561;159
25;708;Takalon Maine;1;139;43,2;-0,5;43,7;4;0,6;14,53;6,45;6,94;0,14;4,45;3,53;1,26;464;588;136
26;687;Takalon Magi;1;232;36,7;0,7;36;2,4;0;13,68;5,05;5,73;0,06;5,31;3,79;1,4;458;578;469
27;717;Takalon Madiz;1;69;52,8;3,3;49,5;2,7;0;13,91;7,23;7,4;0,16;3,09;2,77;1,12;503;550;36
28;516;Takalon Ipana;5;84;48,6;0,7;47,9;2,4;0;18,71;9,08;7,8;0,15;5,21;3,82;1,36;435;587;54
29;690;T,Mauste;1;126;39,5;-2,3;41,8;2,7;0,4;19,11;7,3;6,96;0,11;4,57;3,26;1,4;514;594;5
30;641;T,Limukka;2;93;45,4;-0,5;45,9;3,3;1,9;18,98;8,43;7,8;0,16;4,42;3,26;1,36;523;577;408
31;621;T,Lagi;2;304;24,1;0,7;23,4;2,4;2;18,6;4,48;4,02;0,05;5,23;3,7;1,41;452;635;28
32;976;T,Kannu;3;302;26,2;-4,5;30,7;2,9;2,1;0,86;0,22;0,23;0,02;6,17;4,03;1,53;518;604;386
33;589;T,Kanelipulla;3;190;36,4;0,6;35,8;3,6;3,7;13,39;4,86;5,71;0,07;3,85;3,43;1,12;418;628;236
34;534;T,Impi;4;214;49,3;0,4;48,9;3,3;1;13,82;6,8;7,8;0,16;4,77;3,13;1,52;497;565;690
35;713;T, Menokas;1;106;35,3;1,1;34,2;3,3;1,9;21,45;7,46;7,4;0,19;4,64;3,58;1,3;520;551;79
36;697;Qtar;3;167;42,4;-0,2;42,6;3,1;1,6;16,48;7,01;6,92;0,13;5,12;3,56;1,44;470;586;256
37;427;Myriel;1;208;44,8;-0,4;45,2;2;2,9;13,58;6,05;7,42;1,38;3,84;3,37;1,14;444;583;23
38;674;Muki;1;282;26,4;0,1;26,3;2;0;16,52;4,34;5,22;0,16;5,79;3,67;1,58;473;553;47
39;669;Mitta;2;11;48,9;3,4;45,5;3,6;2,4;13,9;6,49;6,58;0,2;4,66;3,87;1,2;529;633;5
40;683;Misty;1;277;27,3;-0,6;27,9;2,7;0,4;18,54;4,97;4,83;0,1;5,54;3,64;1,52;430;552;628
41;664;Missi;2;77;43,7;-0,3;44;3;0,6;17,46;7,68;7,8;0,18;4,05;3,26;1,24;528;523;269
42;503;Minttu;1;189;37,3;0,8;36,5;3,4;2,4;12,56;4,67;5,65;0,2;4,83;3,45;1,4;453;580;45
44;778;Milli;1;138;32,4;-1;33,4;3,6;8,6;12,98;4,37;5,68;0,07;4,01;3,42;1,17;401;575;5
45;508;Mesi;1;194;40,2;0,4;39,8;4,6;16,6;16,16;6,48;6,12;0,11;4,12;3,21;1,28;451;545;36
46;426;Malta;1;263;18,2;-1,8;20;2,3;3,6;8,27;1,62;3,15;0,11;6,25;3,89;1,61;457;620;25
47;686;Makiainen;1;293;28,6;-2,4;31;2,7;0,6;16,76;4,86;5,15;0,31;5,02;3,7;1,36;430;591;61
48;425;Makarena;1;271;40;0,5;39,5;3,9;2,6;13,7;5,45;6,32;0,12;4,68;3,4;1,38;501;583;55
49;773;Mainio;1;166;40,1;-0,3;40,4;3,9;1,6;17,93;7,16;6,5;0,24;4,68;3,24;1,44;441;555;23
50;889;Lyydia;2;133;47;-1,9;48,9;3;0,3;22,78;10,21;7,49;0,13;4,41;3,42;1,29;440;611;150
51;80;Lypsytär;2;28;39,7;-3;42,7;4,4;2,4;18,85;7,71;7,8;0,15;4,26;3,12;1,37;407;546;24
52;660;Lutunen;2;43;44,7;0,5;44,2;4;1;17,09;7,66;7,8;0,18;3,63;3,58;1,01;407;542;411
53;623;Lupiini;2;220;33,4;-0,4;33,8;2,9;1,3;20,15;6,67;5,39;0,09;5,43;3,96;1,37;456;630;203
54;624;Luna;2;227;26,3;-0,9;27,2;3;0,9;18,76;4,91;4,77;0,1;7,08;4,01;1,77;450;597;120
55;622;Lulu;2;287;25,5;-0,1;25,6;2,7;4,7;13,29;3,38;4,56;0,06;4,77;3,73;1,28;485;557;16
56;643;Lulli;2;60;47,1;-1,6;48,7;4,3;2,6;16,71;7,95;7,8;0,25;4,22;3,42;1,23;529;598;74
58;899;Lotto;2;62;49,4;-2,3;51,7;2,4;0,4;12,71;6,05;7,8;2,13;3,62;3,49;1,04;480;625;197
59;897;Lotta;2;113;48,6;0,2;48,4;4;3;15,08;7,24;7,8;0,2;3,81;3,4;1,12;550;554;443
60;612;Lizzie;2;290;39,6;0,8;38,8;3,4;0,4;13,07;5,32;5,96;0,12;5,55;3,97;1,4;460;648;162
61;616;Lissukka;2;242;27,7;-1,5;29,2;2,1;0;16,09;4,54;4,95;0,47;4,7;3,8;1,24;519;651;705
62;657;Linni;2;79;55,3;1,3;54;3;0,3;14,03;7,59;7,5;0,12;2,82;3,31;0,85;532;538;24
63;415;Lime;2;117;43,3;0,5;42,8;4,4;6,1;13,69;5,87;6,8;0,14;4,32;3,21;1,35;429;595;403
64;638;Lilla;2;53;58,9;-1;59,9;3;0;13,27;7,78;7,8;0,21;2,96;3,07;0,96;428;628;122
65;652;Liita;2;62;48,7;2,1;46,6;2,9;0,1;11,9;5,66;7,8;0,14;3,72;3,12;1,19;472;517;404
66;611;Liekki;2;345;28;-0,9;28,9;1,9;0,4;10,46;3,02;6;0,87;5,67;3,75;1,51;474;582;144
67;642;Letta;2;121;41,7;-0,1;41,8;4;3,7;20,96;8,78;7,5;0,17;4,7;3,27;1,44;472;613;27
68;71;Leinikki;2;74;48,1;-0,6;48,7;2,1;0;12,63;6,04;7,8;2,39;4,48;3,88;1,15;479;645;295
69;86;Laurelia;2;77;46,9;0;46,9;4;0,6;19,8;9,23;7,8;0,15;4,19;3,42;1,23;539;584;147
70;659;Lasmi;2;77;51,2;1,2;50;3,4;1,9;17,34;8,69;7,8;0,21;4,11;3,34;1,23;441;565;249
71;615;Larissa;2;304;23,5;-7,4;30,9;2,6;1,9;0;0;0;0;4,74;3,8;1,25;500;559;67
72;626;Lane;2;178;34,9;0,3;34,6;3,9;5;15,99;5,45;5,49;0,11;5,89;4,1;1,44;532;554;39
74;636;Laiho;2;59;52,5;1,3;51,2;4,3;2,7;14,9;7,9;7,8;0,22;4,2;3,4;1,24;496;560;83
75;410;Laguna;2;96;45,3;2;43,3;2,6;0;12,24;5,46;7,8;0,09;3,33;3,14;1,06;494;545;16
76;635;Ladiz;2;146;36,6;-4;40,6;3,7;5,6;17,1;5,97;6,3;0,1;4,47;3,87;1,16;514;565;1
77;593;Kukkanen;3;136;38,3;-0,5;38,8;3;1,1;18,59;7,1;7;0,08;5,12;3,74;1,37;494;567;37
78;586;Kuje;3;228;33,5;0,1;33,4;3,9;6,1;17,56;5,78;5,51;0,11;5,07;3,65;1,39;501;566;171
80;992;Kira;3;139;40,3;1,4;38,9;2,4;0;16,13;6,05;7;0,82;3,66;3,48;1,05;467;696;133
81;700;Kiova;3;142;37,3;1,5;35,8;3,1;0,6;15,91;5,89;5,57;0,12;5,23;3,81;1,37;400;638;174
82;585;Kimara;3;268;36,6;0,9;35,7;2,6;0,7;17,27;6,18;5,7;0,85;5,66;3,62;1,56;476;616;35
83;572;Kilo;3;95;46,8;-2,8;49,6;3,3;0,7;18,28;8,01;7,8;0,18;4,39;3,64;1,21;531;638;236
84;602;Killa;3;77;49,2;-0,3;49,5;3,7;0,7;19,79;9,68;7,8;0,18;4,65;3,74;1,24;481;574;185
85;598;Kätsy;3;7;36,9;5,5;31,4;3,4;3,3;13,44;4,96;5,29;0,12;4,87;4,22;1,15;427;591;692
86;391;Karkkipurkki;3;256;22;-0,3;22,3;2,4;2,1;14,77;3,13;3,81;0,05;6,13;4,13;1,48;382;658;58
87;353;Kanerva;3;191;35,7;-0,7;36,4;2,4;0,3;17,58;6,05;5,68;0,09;5,82;3,96;1,47;424;601;37
88;970;Justus;4;50;70;2,8;67,2;4;0,1;12,06;8,46;8,2;0,17;4,13;3,07;1,35;515;631;245
89;365;Jupu;4;203;31,5;0,5;31;2,6;0,3;24,2;7,24;5,11;0,08;5,73;4,14;1,38;447;697;388
90;960;Junttura;4;119;45,4;-2,1;47,5;4,1;1,3;15,22;7,29;7,8;0,2;5,54;3,82;1,45;497;668;277
91;354;Julietti;4;255;43,5;-0,7;44,2;4;3,6;16,94;7,45;6,86;0,11;4,74;3,69;1,28;521;607;5
92;6;Juhla;4;242;35,9;-1,8;37,7;2,7;0;25,97;9,01;7,65;1,59;4,95;3,61;1,37;471;679;166
93;567;Joulu;4;59;46,7;0,4;46,3;4,4;8,1;14,54;6,76;7,8;0,31;5,26;3,68;1,43;459;622;225
94;547;Jöpö;4;196;34,7;-0,9;35,6;3,6;1;18,87;6,53;6,03;0,13;4,99;3,63;1,37;532;550;288
95;566;Joku;4;81;46,3;-3,4;49,7;3,9;7,6;15,65;7,1;7,3;1,23;5,07;3,32;1,53;427;610;19
96;367;Jojo;4;63;48,8;-1,1;49,9;3,7;1;19,34;9,59;7,8;0,14;4,17;3,42;1,22;290;533;32
97;555;Jilla;3;326;44;0,1;43,9;2,3;0;12,82;5,59;6,8;0,05;5,48;3,34;1,64;450;626;153
99;559;Jetta;4;188;40,1;0,7;39,4;3,6;1;15,23;6,08;5,93;0,1;5,75;3,76;1,53;473;617;1
100;971;Jeni;4;50;54,5;-0,3;54,8;4,9;13,1;13,55;7,6;7,8;0,18;3,51;2,92;1,2;463;585;29
101;864;Jasuliini;4;11;36,9;4,5;32,4;2;1,1;17,05;6,02;6,58;0,52;3,93;3,65;1,08;407;564;162
102;853;Jasmiinitar;4;108;46,2;0,7;45,5;3,4;0,6;20,84;9,34;7,8;0,22;5,54;3,55;1,56;485;619;53
103;7;Jalna;4;101;55,9;-0,7;56,6;3;0;14,44;7,59;7,7;0,1;4,32;3,28;1,32;528;621;495
104;587;Jaffariini;4;199;44,9;0,7;44,2;2,9;0,3;17,3;7,8;6,8;0,13;5,62;3,69;1,52;523;626;105
105;918;Jade;4;332;34,8;-1,5;36,3;3,3;3;17,79;6,05;7,5;0,31;4,75;3,49;1,36;407;622;293
106;900;Ippatar;4;165;51;-8;59;2,9;0,4;10,62;5,91;8;1,45;4,63;3,75;1,23;457;653;28
107;578;Ippanen;4;363;33;-0,5;33,5;2,7;0,7;20,29;6,7;5,38;0,12;5,04;3,5;1,44;496;579;782
108;637;Illuusio;5;115;40,4;-0,4;40,8;3,7;1,9;17,98;6,98;7,8;0,11;4,35;3,45;1,26;477;621;4
109;524;Illa;4;266;35,2;-0,8;36;3,3;2,1;15,47;5,51;5,67;0,1;6,15;4,11;1,5;392;584;322
110;533;Iivi;4;106;55,2;-0,3;55,5;2,9;0;14,4;7,96;7,9;0,18;5,24;3,7;1,42;464;696;11
111;506;Iiris;5;212;41,2;0,6;40,6;3;0,9;14,53;6;6,9;0,13;5,01;3,55;1,41;472;577;58
112;795;Höystö;5;150;36,9;-0,4;37,3;3,7;1,1;17,19;6,29;5,75;0,12;5,25;4,05;1,3;482;625;9
113;494;Hara;6;95;48,4;1,9;46,5;3,6;0,4;17,38;8,17;7,8;0,16;5,45;3,87;1,41;479;572;28
114;300;Armi;8;108;41,5;-2,2;43,7;2,7;0;19,64;8,52;7,8;0,14;4,6;3,38;1,36;485;606;785
4;741;Takalon Noheva;1;17;40,1;2,5;37,6;3,4;0,3;22,47;8,67;7,3;0,16;4,57;3,61;1,27;478;608;20
6;750;Takalon Niksu;1;19;32,8;0,8;32;2,3;0,1;16,79;6,05;7,3;0,15;3,36;3,26;1,03;391;525;309
7;738;Takalon Nide;1;87;44,3;1,5;42,8;3,7;1;17,8;7,9;7;0,02;3,8;3,49;1,09;514;572;21
8;746;Takalon Nenita;1;14;29,6;2,4;27,2;2,9;0,6;30,71;8,94;7,06;0,24;4,44;3,62;1,23;373;570;241
9;739;Takalon Nellukka;1;16;34,5;1,3;33,2;3,6;2,7;18,34;6,18;7,3;0,18;3,6;3,41;1,06;509;535;137
10;744;Takalon Nara;1;9;27,1;2,7;24,4;2,3;0,1;17,9;4,73;5,42;0,42;5,26;3,84;1,37;443;563;347
11;754;Takalon Nano;1;7;19,6;-1,7;21,3;1,8;0;20,92;4,81;4,99;1,54;4,58;3,66;1,25;509;530;601
12;714;Takalon Myle;1;142;40,6;1,7;38,9;3,3;1,1;17,62;7,1;5,98;0,1;4,71;3,51;1,34;474;580;64
13;715;Takalon Muurain;1;35;36,8;0,2;36,6;2,4;0;16,91;6,04;7,3;1,54;3,67;3,25;1,13;456;532;57
14;716;Takalon Mustus;1;64;42,3;-0,9;43,2;3,7;1;17,76;7,73;7,3;0,1;3,71;3,04;1,22;467;586;99
15;666;Takalon Musa;1;279;35,4;1,6;33,8;3,1;2,9;13,94;4,75;5,49;0,11;4,68;3,61;1,3;496;513;384
16;705;Takalon Munkki;1;176;33,3;-0,2;33,5;3,3;3,3;18,53;6,32;5,41;0,09;3,62;3,03;1,19;445;543;85
17;696;Takalon Molina;1;234;36,7;-1,4;38,1;3;0,4;15,6;5,72;5,89;0,11;5,09;3,46;1,47;513;569;9
18;719;Takalon Mirva;1;170;27,2;-3,5;30,7;2,4;0,1;19,87;5,64;5,15;0,1;4,94;3,94;1,25;571;545;2146
19;729;Takalon Mirva;1;34;40,9;2,2;38,7;3,1;0,3;15,22;6,2;7,3;0,14;4,04;3,16;1,28;496;471;29
20;728;Takalon Mirkku;1;61;32,4;-4,2;36,6;2;1,4;17,15;6,04;7,8;1,77;5,09;3,46;1,47;459;563;115
21;710;Takalon Mirana;1;172;42,5;0,3;42,2;3,7;4,4;13,37;5,64;6,48;0,11;5,1;3,71;1,37;471;576;245
22;725;Takalon Miitanen;1;57;42,7;0,9;41,8;2,9;0,7;18,36;7,97;7,3;0,15;4,16;2,87;1,45;477;557;574
23;911;Takalon Mido;1;125;37,7;1,4;36,3;3,6;1;16,48;6,35;6;0,06;4,29;3,45;1,24;545;528;21
24;718;Takalon Messevä;1;174;41,6;0,7;40,9;3,3;1,1;16,54;6,91;6,8;0,1;4,58;3,43;1,34;476;506;56
25;730;Takalon Marjamehu;1;71;34,8;-0,4;35,2;2,7;0,9;15,3;5,48;7,3;1,18;4,96;3,66;1,36;502;572;58
26;724;Takalon Marie;1;94;44,3;0;44,3;4,3;7;15,83;6,98;7,3;0,16;5,18;3,65;1,42;498;531;91
27;681;Takalon Marianne;1;267;35,3;0;35,3;3;5,4;15,97;5,59;5,51;0,1;5,6;3,98;1,41;488;521;299
28;712;Takalon Männi;1;170;36,5;0;36,5;3,6;1,6;14,99;5,43;5,64;0,09;4,4;3,71;1,19;465;562;410
29;708;Takalon Maine;1;171;42;-0,4;42,4;3,9;0,6;14,68;6,24;6,64;0,15;4,7;3,57;1,32;517;587;44
30;687;Takalon Magi;1;264;30,3;-4,1;34,4;2,3;0;19,59;5,99;5,54;0,23;5,83;3,92;1,49;506;578;442
31;717;Takalon Madiz;1;101;52,9;1;51,9;2,7;0,3;13,1;6,87;7,4;0,16;3,06;2,98;1,03;537;567;125
32;516;Takalon Ipana;5;116;50,5;3,1;47,4;2,3;0,1;12,07;6,05;7,3;0,09;5,27;3,69;1,43;473;580;317
33;690;T,Mauste;1;158;42;0,9;41,1;3;0,3;14,74;6,1;6,22;0,07;4,83;3,21;1,5;524;588;193
34;654;T,LIPANA;2;16;49,9;1;48,9;4,1;1,4;14,86;7,38;7,8;0,25;4,47;3,4;1,31;494;534;129
35;641;T,Limukka;2;125;44,3;1,5;42,8;3;0,1;15,24;6,51;6,6;0,09;4,49;3,29;1,36;507;568;48
36;589;T,Kanelipulla;3;222;34,1;0,6;33,5;2,7;0,6;15,34;5,18;5,36;0,06;4,04;3,4;1,19;373;631;120
37;534;T,Impi;4;246;44,7;-0,7;45,4;3,7;0,4;15,28;6,72;7,1;0,16;5;3,29;1,52;521;568;726
38;713;T, Menokas;1;138;34;1;33;3,1;0,6;14,59;4,86;5,31;0,1;5,15;3,75;1,37;491;553;176
39;697;Qtar;3;199;41,4;-0,9;42,3;3,4;0,9;11,34;4,75;6,84;0,08;5,37;3,75;1,43;428;588;4
40;427;Myriel;1;240;42,9;-1,5;44,4;2;2,7;14,26;6,05;6,5;0,4;4,21;3,4;1,24;486;592;43
41;673;Muisto;2;15;39,1;2,5;36,6;2;0,3;15,78;6,05;7,68;1,36;4,77;3,06;1,56;512;511;166
42;669;Mitta;2;43;50,9;-2,7;53,6;3,3;0,3;14,54;7,27;7,9;0,19;4,09;3,47;1,18;520;622;350
43;664;Missi;2;109;39,1;-1;40,1;2,9;0,1;18,29;7,37;7,8;0,17;3,83;3,35;1,14;522;528;266
44;503;Minttu;1;221;39,1;2,3;36,8;2,9;0,3;15,05;5,51;5,67;0,19;4,76;3,55;1,34;457;585;31
45;684;Minietti;1;318;23,3;-1,7;25;2,7;7,6;3,6;0,86;1;0,02;4,51;3,44;1,31;478;586;35
46;679;Milo;2;23;45,4;1,1;44,3;3,1;0;14,58;6,72;7,8;0,12;4,01;3,59;1,12;509;506;174
47;778;Milli;1;170;32,5;-0,6;33,1;3,3;4,9;12,8;4,21;5,32;0,07;4,66;3,49;1,34;470;570;45
48;508;Mesi;1;226;40,1;1,4;38,7;4,4;3,4;16,7;6,62;5,9;0,14;4,3;3,19;1,35;465;562;13
49;677;Melina;2;26;48,5;0,1;48,4;3,3;0;15,06;7,29;7,8;0,18;4,08;3,25;1,26;379;559;546
50;686;Makiainen;1;325;28,5;0,1;28,4;2,4;2,1;9,7;2,86;4,87;0,05;5,93;3,74;1,59;433;608;19
51;425;Makarena;1;303;38,2;1,1;37,1;3,9;3,9;15,47;5,94;5,72;0,11;5,07;3,53;1,44;474;586;133
52;773;Mainio;1;198;38,5;-1,4;39,9;3,6;0,7;16,07;5,99;6,5;0,19;4,74;3,22;1,47;424;565;11
53;889;Lyydia;2;165;47,9;-0,3;48,2;3;1,4;9,65;4,7;7,34;0,07;4,65;3,41;1,36;507;621;164
55;80;Lypsytär;2;60;56,9;4,8;52,1;3,6;0,1;12,65;7,03;7,8;0,18;3,29;2,86;1,15;505;550;4
56;660;Lutunen;2;75;39,2;-1;40,2;2,9;0;15,88;6;7,8;0,1;3,63;3,48;1,04;451;541;207
57;320;Luppo;3;29;58,7;6,2;52,5;3,1;0;13,95;7,98;7,8;0,15;4,59;3,42;1,34;512;587;27
58;643;Lulli;2;92;42,7;0,9;41,8;4,4;2,9;19,33;8,25;7,8;0,26;4,76;3,6;1,32;510;593;761
59;957;Lucia;2;36;62,6;4,3;58,3;4,1;0,7;11,92;7,32;7,8;0,18;3,81;3,32;1,15;514;554;94
60;899;Lotto;2;94;52,9;0;52,9;3,3;3,9;13,95;7,66;7,8;0,21;4,89;3,62;1,35;519;624;143
61;897;Lotta;2;145;47,5;-0,2;47,7;3,9;1,9;13,19;6,26;7,32;0,13;3,95;3,52;1,12;553;560;2
62;612;Lizzie;2;322;34,7;-1,6;36,3;3,1;0,6;13,57;4,94;5,65;0,09;5,67;3,9;1,45;492;664;30
63;657;Linni;2;111;52,1;-0,3;52,4;3,3;0,7;12,09;6,15;7,5;0,12;3,38;3,25;1,04;535;544;87
64;415;Lime;2;149;41,1;-0,8;41,9;4,3;3,1;14,01;5,91;6,5;0,12;4,64;3,29;1,41;442;598;470
65;638;Lilla;2;85;58,8;0,7;58,1;3;0;11,13;6,42;7,8;0,18;3,08;3,05;1,01;495;585;244
66;652;Liita;2;94;47,5;-0,2;47,7;2,9;0;20,88;10,19;7,8;0,24;4,17;3,29;1,27;512;519;3
67;611;Liekki;2;377;26,4;-0,8;27,2;2;0,3;22,74;6,05;6;0,14;5,96;3,73;1,6;453;578;427
68;642;Letta;2;153;34,3;-2,8;37,1;3,3;0,9;18,43;6,21;5,79;0,08;4,96;3,21;1,55;439;607;1
69;71;Leinikki;2;106;46,3;-1,1;47,4;2,7;0;16,44;7,66;6,8;0,16;4,78;3,93;1,22;442;642;71
71;659;Lasmi;2;109;49,4;0,6;48,8;3,7;0,6;14,64;7,47;7,8;0,21;4,33;3,41;1,27;465;573;66
72;319;Lancia;3;33;49,5;1,9;47,6;4,1;3,4;18,09;8,81;7,8;0,24;4,18;3,51;1,19;461;618;4
73;636;Laiho;2;91;48,7;0,9;47,8;3,6;3,4;16,72;7,79;7,8;0,15;4,63;3,55;1,3;545;546;137
74;410;Laguna;2;128;44,9;0,4;44,5;3;0,1;15,47;6,78;6,89;0,08;3,77;3,21;1,17;521;558;16
75;635;Ladiz;2;178;39,2;-1,5;40,7;4;2,1;17,03;6,83;6,18;0,12;4,63;3,92;1,18;473;563;16
76;593;Kukkanen;3;168;31,8;-1,5;33,3;2,3;0;16,79;5,51;7;0,69;5,24;3,77;1,39;447;580;305
77;586;Kuje;3;260;29,7;-0,2;29,9;3,1;1,7;16,38;4,83;5;0,07;5,4;3,73;1,45;507;566;42
78;590;Koru;3;34;32,1;3;29,1;2,6;0;28,46;9,08;7,8;0,7;4,6;3,81;1,21;526;604;35
79;604;Kortti;3;19;49,2;-0,1;49,3;4,1;0,6;14,41;7,26;7,8;0,2;4,13;3,72;1,11;489;593;23
80;574;Kiva;4;14;49,3;3,5;45,8;4;1,3;14,7;7,03;7,48;0,27;4,1;2,76;1,49;467;573;240
81;992;Kira;3;171;39,5;-0,1;39,6;3;1,1;16,59;6,67;7;0,15;4,61;3,52;1,31;488;697;69
82;700;Kiova;3;174;32,3;0,3;32;3;1;15,91;5,08;5,21;0,1;5,37;3,86;1,39;449;611;35
83;585;Kimara;3;300;15,1;-14,3;29,4;1,4;0;2,69;0,49;1;0,51;6,56;3,79;1,73;316;648;340
84;572;Kilo;3;127;45,6;-1,3;46,9;3;0,3;16,95;7,56;7,22;0,14;5,1;3,77;1,35;490;633;39
85;602;Killa;3;109;43,2;-3,7;46,9;4,1;4,9;16,79;7,24;7,8;0,14;4,92;3,81;1,29;496;581;937
86;598;Kätsy;3;39;46,6;-0,2;46,8;4;1,1;19,75;9,07;7,8;0,24;4,75;3,65;1,3;501;596;32
87;353;Kanerva;3;223;28,1;-3,4;31,5;2,7;1,4;16,15;5,02;5,19;0,29;5,66;3,94;1,44;486;613;347
88;970;Justus;4;82;66,3;-1,6;67,9;3,4;0,3;9,69;6,46;8,2;0,12;3,45;3,09;1,12;406;621;326
89;365;Jupu;4;235;27;-0,2;27,2;2,1;1;16,18;4,24;4,77;0,86;5,86;4,19;1,4;470;712;83
90;960;Junttura;4;151;43,4;-0,5;43,9;4;2,1;16,23;6,91;6,92;0,15;5,53;3,83;1,44;476;663;5
91;354;Julietti;4;287;42,3;0,4;41,9;3,7;2,4;16,03;6,75;6,42;0,09;4,99;3,74;1,33;492;620;141
93;567;Joulu;4;91;40,8;-2,8;43,6;3,9;1,3;20,17;8,09;7,8;0,34;4,92;3,73;1,32;516;629;41
94;547;Jöpö;4;228;31,9;-2,2;34,1;3,1;0,3;16,23;5,13;5,47;0,09;5,09;3,83;1,33;476;557;234
95;566;Joku;4;113;47,9;-2;49,9;4,3;8;13,52;6,57;7,3;0,2;4,97;3,46;1,44;459;624;625
96;367;Jojo;4;95;50,5;-2,2;52,7;2,9;0;17,46;8,85;7,8;0,29;3,49;3,33;1,05;460;534;80
97;555;Jilla;3;358;43,6;0,5;43,1;2,9;0,1;17,39;7,72;6,88;0,09;5,39;3,39;1,59;444;642;21
98;559;Jetta;4;220;37;0,1;36,9;3;0;17,1;6,29;5,71;0,09;5,9;3,94;1,5;485;610;192
99;971;Jeni;4;82;52,4;-0,2;52,6;4,7;8,3;15,36;7,93;7,8;0,18;3,8;3,02;1,26;472;591;44
100;543;Jemma;5;29;48,4;2;46,4;2,7;0;16,63;7,97;7,8;0,17;5,02;3,87;1,3;468;599;125
101;864;Jasuliini;4;43;52,2;1,3;50,9;2,3;0;17,16;9,08;7,8;0,15;4,82;3,6;1,34;456;594;363
102;853;Jasmiinitar;4;140;45,7;2,4;43,3;3,6;1,3;17,16;7,6;7;0,18;5,1;3,57;1,43;485;565;6
103;587;Jaffariini;4;231;41,5;-0,3;41,8;2,1;0,1;14,82;6,05;6,5;1,11;5,47;3,7;1,48;455;627;9
104;366;Jadiz;4;32;65,9;4,4;61,5;3,7;0,4;9,62;6,25;7,8;0,14;3,67;3,53;1,04;449;617;290
105;526;Irmeli;5;17;49,5;2,7;46,8;2;8,3;11,72;6,04;7,8;1,75;4,98;3,14;1,59;473;559;28
106;900;Ippatar;4;197;53,8;-0,8;54,6;3;0,3;14,85;8,29;7,74;0,14;4,97;3,76;1,32;434;645;206
107;637;Illuusio;5;147;38,2;-0,7;38,9;3,6;1,7;15,8;6,02;5,94;0,09;4,17;3,5;1,19;491;610;118
108;524;Illa;4;298;32,9;-1,5;34,4;2,7;0,9;12,13;4,05;5,47;0,33;7,02;4,13;1,7;396;587;49
109;533;Iivi;4;138;51,9;0,5;51,4;3,7;1,6;14,62;7,07;7,6;0,16;5,45;3,81;1,43;473;694;116
110;506;Iiris;5;244;34,8;-1,1;35,9;2,4;0,3;13,64;5,1;6,5;0,24;5;3,58;1,4;477;579;84
111;531;Ihastus;5;11;44,3;0,9;43,4;3,7;1,4;14,85;6,15;6,58;0,14;4,4;3,88;1,13;569;589;185
113;494;Hara;6;127;46;1,8;44,2;3,1;0;18,55;8,18;6,86;0,16;5,12;3,82;1,34;465;578;36
4;753;Takalon Nuna;1;24;36,1;-0,7;36,8;3,3;0,6;20,51;7,59;7,3;0,19;4,11;3,23;1,27;488;561;130
5;741;Takalon Noheva;1;45;44;2,3;41,7;3;1,1;18,13;7,78;7,3;0,12;4,34;3,53;1,23;497;604;198
6;750;Takalon Niksu;1;47;36,8;0,9;35,9;2,7;0,3;25,4;8,87;7,3;0,29;2,86;3,17;0,9;482;545;104
7;751;Takalon Niina;1;7;22,4;1,4;21;1,9;0,3;19,49;4,31;4,99;0,67;1,64;3,97;0,41;431;519;237
8;738;Takalon Nide;1;115;40,5;-0,5;41;3,3;1,3;14,52;6,1;7;0,13;4,38;3,63;1,21;445;565;126
9;746;Takalon Nenita;1;42;31,5;0,2;31,3;2,6;0;25,6;8,27;7,3;0,26;4,14;3,21;1,29;390;567;706
11;739;Takalon Nellukka;1;44;36,3;-0,5;36,8;3,9;0,4;18,13;6,6;7,3;0,21;3,51;3,28;1,07;488;522;25
12;754;Takalon Nano;1;35;31,6;-3,5;35,1;2,6;0,3;15,15;5,54;7,3;0,08;4,18;3,35;1,25;372;477;78
13;714;Takalon Myle;1;170;37,4;-1,3;38,7;3,7;1,6;19,17;7,21;5,88;0,09;5,1;3,65;1,4;534;574;519
14;715;Takalon Muurain;1;63;38,4;-0,6;39;2,7;0,1;18,75;7,33;7,3;0,14;3,75;3,28;1,14;439;528;618
15;716;Takalon Mustus;1;92;45,2;1,5;43,7;3,1;0,4;16,8;7,51;7,3;0,11;3,75;2,97;1,26;492;589;26
16;666;Takalon Musa;1;307;33;-0,3;33,3;3,1;4,6;13,54;4,48;5,41;0,09;4,8;3,65;1,32;445;513;34
17;705;Takalon Munkki;1;204;33,4;0,3;33,1;3,4;5;13,67;4,25;5,33;0,09;3,6;3,16;1,14;399;544;27
18;696;Takalon Molina;1;262;34,9;-2,1;37;2,6;0,6;18,98;6,78;5,7;0,12;5,08;3,5;1,45;501;574;20
19;719;Takalon Mirva;1;198;31,3;0,1;31,2;2,9;3,7;15,49;4,83;5,12;0,09;5,19;3,98;1,3;538;554;8
20;729;Takalon Mirva;1;62;38,7;0,5;38,2;2;1,1;15,63;6,06;7,8;1,84;4,34;3,38;1,28;581;490;26
21;728;Takalon Mirkku;1;89;37,4;-0,7;38,1;2;0,3;16,05;6,04;7,3;1,65;4,6;3,41;1,35;470;556;118
22;710;Takalon Mirana;1;200;39,2;0,3;38,9;3;1,7;14,49;5,72;5,99;0,12;5,42;3,8;1,43;459;571;410
23;725;Takalon Miitanen;1;85;40,9;-2;42,9;2,6;0,1;18,39;8,15;7,3;0,16;4,1;3,02;1,36;482;555;5
24;911;Takalon Mido;1;153;37,5;1,3;36,2;3,4;4,6;14,39;5,48;5,67;0,06;4,19;3,35;1,25;513;517;17
25;718;Takalon Messevä;1;202;39,3;-0,8;40,1;3,4;2,9;16,06;6,35;6,8;0,1;4,76;3,47;1,37;405;502;26
26;734;Takalon Maserati;1;14;32,1;2,4;29,7;2,3;0,4;17,35;5,45;7,06;0,15;4,4;3,78;1,16;530;586;387
27;730;Takalon Marjamehu;1;99;36,4;0,2;36,2;2,4;0,4;22,47;8,54;7,3;0,15;4,65;3,75;1,24;460;565;112
28;724;Takalon Marie;1;122;35,1;2,7;32,4;2;13,1;16,89;6,05;7,2;1,59;4,84;3,74;1,29;486;518;248
29;712;Takalon Männi;1;198;35,5;0,7;34,8;3,4;2,9;13,65;4,78;5,48;0,08;4,95;3,81;1,3;446;554;207
30;708;Takalon Maine;1;199;40,8;-0,5;41,3;3,7;0,6;12,86;5,43;6,26;0,15;4,78;3,55;1,35;450;570;55
31;687;Takalon Magi;1;292;22,5;-8,2;30,7;1,9;0,1;3,29;1,03;2;0,47;5,85;3,86;1,52;476;551;28
32;717;Takalon Madiz;1;129;49,6;1,2;48,4;2,4;1;10,42;5,12;7,4;0,11;3,58;2,82;1,27;556;568;38
33;516;Takalon Ipana;5;144;41,8;-3;44,8;2,1;0;14,3;6,05;7;0,61;5,24;3,5;1,5;472;570;550
34;690;T,Mauste;1;186;36,2;-2,3;38,5;2,3;0;13,84;4,94;5,87;0,09;4,95;3,25;1,52;539;585;112
35;654;T,LIPANA;2;44;49,8;-1,4;51,2;3,7;2,1;17,56;8,6;7,8;0,26;4,21;3,43;1,23;488;526;13
36;641;T,Limukka;2;153;40,6;-0,3;40,9;2,9;0,4;18;7,51;6,16;0,15;5,14;3,45;1,49;478;566;69
37;589;T,Kanelipulla;3;250;35;0,7;34,3;2,9;1;18,24;6,13;5,44;0,07;4,67;3,62;1,29;381;648;104
38;534;T,Impi;4;274;43,3;-1,3;44,6;3,9;0,6;15,94;6,97;6,98;0,17;5,55;3,5;1,59;487;567;265
39;713;T, Menokas;1;166;32,6;0,7;31,9;3,3;3;18,11;5,94;5,18;0,12;5,52;3,77;1,46;493;550;260
40;697;Qtar;3;227;35,2;-5;40,2;2,9;0;16,92;6,48;6,16;0,1;5,14;3,85;1,34;441;601;215
41;427;Myriel;1;268;44,3;-0,8;45,1;2;5,3;13,78;5,99;6,5;0,62;4,01;3,44;1,17;469;602;25
42;673;Muisto;2;43;49,2;1,6;47,6;4,1;1,6;15,49;7,79;7,8;0,18;4,46;3,26;1,37;527;517;6
43;669;Mitta;2;71;44,7;-3,4;48,1;2,7;0,3;14,82;7,16;7,9;0,16;4,09;3,57;1,15;547;614;18
44;664;Missi;2;137;37,7;-0,1;37,8;3;0,3;13,68;5,05;5,79;0,1;4,23;3,44;1,23;531;534;68
45;685;Mippa;2;12;47,8;-0,5;48,3;3,1;1;11,47;5,91;6,88;0,12;4,87;3,93;1,24;531;557;144
46;684;Minietti;1;346;27,6;8,2;19,4;2;4,6;14,1;3,78;5;1,12;5,97;3,67;1,63;499;553;117
47;679;Milo;2;51;43;0,3;42,7;2,9;0,3;19,34;8,28;7,8;0,14;4,54;3,78;1,2;439;527;30
48;778;Milli;1;198;32,8;0,4;32,4;3,4;5,7;14,98;4,91;5,28;0,07;4,82;3,54;1,36;476;565;399
49;508;Mesi;1;254;36,5;-1,1;37,6;4,3;5,3;18;6,75;5,82;0,12;4,54;3,28;1,38;415;562;441
50;677;Melina;2;54;48,7;1;47,7;3,7;0,7;16,33;7,79;7,8;0,21;4,92;3,2;1,54;430;537;130
51;686;Makiainen;1;353;27,3;-0,7;28;2,6;1,6;16,18;4,4;4,83;0,04;6,16;3,91;1,58;471;613;54
52;425;Makarena;1;331;28,5;-6,9;35,4;3,4;1,6;12,72;4,19;5;0,08;5,31;3,64;1,46;320;585;129
53;773;Mainio;1;226;39;0;39;3,9;2,3;16,88;6,26;6,5;0,23;4,96;3,28;1,51;462;565;37
54;889;Lyydia;2;193;49,6;1,3;48,3;3,1;0,7;16,67;8,15;7,33;0,12;5,1;3,65;1,4;458;607;47
55;605;Lysti;3;29;29,3;-11,5;40,8;3,4;0,1;13,71;4,79;7,8;0,11;5,78;4,08;1,42;361;548;56
56;80;Lypsytär;2;88;54,4;0,1;54,3;3,7;1,1;12,86;7,07;7,8;0,19;3,98;3,01;1,32;510;544;5
57;660;Lutunen;2;103;39,9;0,9;39;3,1;0,3;22,09;8,84;7,8;0,16;4,28;3,71;1,15;440;532;211
58;320;Luppo;3;57;57,6;-0,5;58,1;3,9;0,7;15,22;8,66;7,8;0,16;4,47;3,36;1,33;559;577;232
59;858;Lunette;2;23;51,8;5,7;46,1;3,7;0,1;14,81;7,48;7,8;0,2;4,28;3,25;1,32;491;533;3
60;643;Lulli;2;120;36,2;-1,3;37,5;4,1;5,1;20,99;7,64;7,8;0,18;5,04;3,72;1,35;484;598;560
61;957;Lucia;2;64;53;-3,3;56,3;4;1,7;14,44;7,91;7,8;0,18;4,07;3,26;1,25;510;548;31
62;899;Lotto;2;122;50;-1,2;51,2;2,9;1,1;15,56;7,83;7,67;0,17;4,07;3,53;1,15;476;604;135
63;897;Lotta;2;173;48,3;0,7;47,6;3,9;3,9;15,24;7,34;7,21;0,17;4,37;3,52;1,24;512;566;92
64;612;Lizzie;2;350;31,1;-0,9;32;2,3;0,4;16,39;5,13;5,24;0,11;6,09;3,94;1,55;476;663;25
65;657;Linni;2;139;50,1;2,1;48;2,6;0;17,95;8,83;7,2;0,11;3,47;3,29;1,05;509;537;296
66;415;Lime;2;177;35,4;1,3;34,1;2;8,4;17,1;5,64;6;0,44;4,9;3,48;1,41;410;591;207
67;638;Lilla;2;113;52;-2,2;54,2;3,4;1,4;15,73;8,29;7,8;0,2;3,61;3,14;1,15;473;585;18
68;652;Liita;2;122;44,1;-0,7;44,8;3,1;0,3;14,71;6,52;7,2;0,15;4,65;3,53;1,32;561;514;5
69;642;Letta;2;181;34,9;-0,5;35,4;3,3;2,9;17,74;6,1;5,53;0,09;5,66;3,52;1,61;438;615;21
70;662;Leni;2;22;50,1;0,7;49,4;3;0,7;15,03;7,58;7,8;0,12;4,3;3,54;1,21;511;598;469
71;71;Leinikki;2;134;42,3;-2,1;44,4;2,3;0;13,14;5,45;7;0,48;5,48;4,03;1,36;454;626;41
72;86;Laurelia;2;137;44,3;0,9;43,4;3,7;0,3;16,91;7,36;7,2;0,13;4,53;3,71;1,22;479;578;188
73;659;Lasmi;2;137;46,5;-1;47,5;3,3;0,6;14,47;6,86;7,27;0,15;4,34;3,35;1,3;473;559;144
74;319;Lancia;3;61;47,2;-0,9;48,1;4,3;1,9;14,75;6,98;7,8;0,18;4,46;3,68;1,21;492;612;553
75;636;Laiho;2;119;46,4;0,1;46,3;3,6;0,9;15,06;7,01;7,8;0,17;5,18;3,67;1,41;545;535;170
76;410;Laguna;2;156;39,5;-0,2;39,7;3,1;0,3;14,6;5,72;6;0,07;4,83;3,16;1,53;466;547;213
77;635;Ladiz;2;206;33,4;-3,8;37,2;3,3;1,6;15,58;5,27;5,77;0,08;5,01;3,88;1,29;489;566;88
78;593;Kukkanen;3;196;30,3;1,3;29;1,7;0;18,89;5,54;6,5;0,79;5,89;3,96;1,49;472;585;1
79;586;Kuje;3;288;21,6;-3,8;25,4;1,9;0,1;6,12;1,51;3;0,72;5,71;3,78;1,51;417;562;180
80;590;Koru;3;62;37;1,3;35,7;2,4;0;17,18;6,05;7,8;1,44;4,85;3,92;1,24;536;616;35
81;604;Kortti;3;47;50,2;0,2;50;3,1;0;15,28;7,66;7,8;0,19;4,07;3,57;1,14;483;579;38
82;574;Kiva;4;42;55;2,7;52,3;3,1;0,1;12,5;6,8;7,8;0,27;4,51;3,1;1,45;493;549;28
83;992;Kira;3;199;38,3;-0,2;38,5;3;0,9;18,51;7,13;7;0,13;4,76;3,52;1,35;486;681;112
84;700;Kiova;3;202;30,8;0,3;30,5;3;0,9;15,68;4,86;5,13;0,12;5,49;3,87;1,42;418;616;479
85;572;Kilo;3;155;42,8;-0,7;43,5;3,3;0,3;13,8;5,67;6,74;0,1;5,71;3,86;1,48;499;639;104
86;602;Killa;3;137;44,1;0,7;43,4;3,9;1,7;17,13;7,64;6,7;0,12;4,74;3,67;1,29;475;578;76
87;598;Kätsy;3;67;44,2;0,8;43,4;3,4;1;19,28;8,39;7,8;0,2;5,52;3,63;1,52;478;584;101
88;353;Kanerva;3;251;26;-1;27;2,1;1,9;24,95;6,24;4,74;0,16;5,93;4,02;1,48;425;606;305
89;970;Justus;4;110;66,3;1,8;64,5;3,6;0,1;9,71;6,29;8,2;0,11;3,76;3,01;1,25;472;618;4
90;365;Jupu;4;263;25,8;-1;26,8;1,9;0,4;17,59;4,59;4,71;0,65;5,9;4,15;1,42;480;707;15
91;960;Junttura;4;179;40,6;-1,5;42,1;4;1,1;13,82;5,86;6,46;0,14;6,13;3,94;1,56;501;661;203
92;354;Julietti;4;315;38,2;-1,1;39,3;3,6;0,7;12,19;4,78;5,95;0,07;5,25;3,8;1,38;412;619;195
93;567;Joulu;4;119;32,2;-6,6;38,8;3,4;0,4;13,71;4,7;7,8;0,14;5,36;3,8;1,41;470;614;529
94;547;Jöpö;4;256;26;-2,2;28,2;2,3;0,4;15,94;4,24;4,85;0,47;4,92;4,1;1,2;501;557;40
95;566;Joku;4;141;43;-3,7;46,7;4,3;5,6;17,59;7,72;7;0,18;5,44;3,65;1,49;459;607;1
96;367;Jojo;4;123;52;1,3;50,7;3,3;1;13,77;6,99;7,54;0,09;4,02;3,43;1,17;452;537;227
97;555;Jilla;3;386;38,2;0,6;37,6;2;0;12,57;4,73;5,75;0,22;5,57;3,24;1,72;489;650;406
98;559;Jetta;4;248;32,9;-0,4;33,3;3,1;1,6;16,45;5,27;5,36;0,06;6,78;4,03;1,68;458;609;49
99;971;Jeni;4;110;44,7;-2,9;47,6;4,7;11,7;18,8;8,44;7,8;0,18;4,56;3,23;1,41;473;597;13
100;543;Jemma;5;57;44,5;-2,8;47,3;2,1;0;17,34;7,37;7,8;0,87;5,07;3,74;1,36;405;584;102
101;864;Jasuliini;4;71;54,8;2,3;52,5;3;0,1;13,17;7,09;7,8;0,14;4,97;3,67;1,35;490;597;127
102;853;Jasmiinitar;4;168;39,9;0,7;39,2;3;0,3;13,65;5,62;6,36;0,13;5,8;3,7;1,57;517;561;17
103;332;Jasmi HOL;5;20;55;1,1;53,9;3,9;0,6;12,45;6,87;7,8;0,29;4,2;3,53;1,19;494;619;302
104;587;Jaffariini;4;259;42;1;41;2,6;0;14,98;6,16;6,25;0,09;6;3,76;1,6;456;628;107
105;366;Jadiz;4;60;61,6;2,5;59,1;3,6;0,4;9,8;6,03;7,8;0,13;3,98;3,43;1,16;470;619;111
106;526;Irmeli;5;45;43,8;-2,5;46,3;2;13;13,03;6,05;7,3;1,24;5,2;3,57;1,46;410;569;101
107;900;Ippatar;4;225;48,9;-1,5;50,4;2,7;0,3;16,38;7,99;7,53;0,13;6,13;3,98;1,54;501;618;974
108;637;Illuusio;5;175;37,8;0;37,8;3,3;0,4;13,94;5,18;5,83;0,09;4,41;3,39;1,3;486;610;19
109;533;Iivi;4;166;46,6;-0,6;47,2;3;0;15,64;7,4;7,26;0,16;5,36;3,78;1,42;459;696;35
110;506;Iiris;5;272;32,1;-0,8;32,9;2,1;0,4;17,45;5,43;6,5;1,1;5,24;3,77;1,39;471;590;10
111;531;Ihastus;5;39;55;4,1;50,9;2,4;0,3;13,58;7,26;7,8;0,18;5,28;3,7;1,43;499;562;96
112;795;Höystö;5;210;30,8;-0,1;30,9;2,6;0,3;12,86;4,08;5,23;0,07;5,17;4,11;1,26;418;627;318
113;494;Hara;6;155;39,3;0,6;38,7;3,3;0,4;14,08;5,59;5,85;0,09;6,37;3,98;1,6;458;570;7
